Class ID,Preferred Label,Synonyms,Definitions,Obsolete,CUI,Semantic Types,Parents,http://bioportal.bioontology.org#ontologyId,http://data.bioontology.org/metadata/prefixIRI,http://protege.stanford.edu/ontologies/metadata/provenance.owl#importCreator,http://protege.stanford.edu/ontologies/metadata/provenance.owl#importDate,http://protege.stanford.edu/ontologies/metadata/provenance.owl#ontologyName,http://protege.stanford.edu/ontologies/metadata/provenance.owl#ontologyVersion,http://protege.stanford.edu/ontologies/metadata/provenance.owl#termUrl
http://purl.bioontology.org/ontology/SNOMEDCT/91043001,Vacuolation,,Vacuolization|Vacuolation (morphologic abnormality)|Vacuolisation,false,,,http://purl.bioontology.org/ontology/SNOMEDCT/116023004,46896,,,,,,http://bioportal.bioontology.org/visualize/46896?conceptid=91043001
http://purl.bioontology.org/ontology/SNOMEDCT/409777003,Chronic inflammatory morphology,,Chronic inflammatory morphology (morphologic abnormality),false,,,http://purl.bioontology.org/ontology/SNOMEDCT/409774005,46896,,,,,,http://bioportal.bioontology.org/visualize/46896?conceptid=409777003
http://purl.bioontology.org/ontology/SNOMEDCT/197269008,Acute necrosis of liver,,Acute yellow atrophy|Acute necrosis of liver (disorder)|Massive hepatic necrosis|Acute yellow atrophy of liver,false,,,http://purl.bioontology.org/ontology/SNOMEDCT/87248009,,,,,,,
http://purl.bioontology.org/ontology/SNOMEDCT/14783006,Hyperbilirubinemia,,"Bilirubinaemia|Bilirubinemia|Hyperbilirubinemia, NOS|Hyperbilirubinemia (disorder)|Hyperbilirubinaemia",false,,,http://purl.bioontology.org/ontology/SNOMEDCT/80006005,46896,,,,,,
http://purl.bioontology.org/ontology/SNOMEDCT/92153000,Benign neoplasm of intra-abdominal organs,,"Benign neoplasm of intra-abdominal organs, NOS|Benign neoplasm of intra-abdominal organs (disorder)",false,,,http://purl.bioontology.org/ontology/SNOMEDCT/255061006,46896,,,,,,
http://purl.bioontology.org/ontology/SNOMEDCT/123946008,Disorder by body site,,Disease by body site (disorder)|Disorder by body site (disorder)|Disease by body site,false,,,http://purl.bioontology.org/ontology/SNOMEDCT/118234003|http://purl.bioontology.org/ontology/SNOMEDCT/64572001,46896,,,,,,
http://purl.bioontology.org/ontology/SNOMEDCT/33359002,Degeneration,,"Degeneration (morphologic abnormality)|Degeneration, NOS|Degenerative change",false,,,http://purl.bioontology.org/ontology/SNOMEDCT/107669003,46896,,,,,,http://bioportal.bioontology.org/visualize/46896?conceptid=33359002
http://purl.bioontology.org/ontology/SNOMEDCT/301305006,Finding of general observation of appearance,,General observation of appearance|Finding of general observation of appearance (finding),false,,,http://purl.bioontology.org/ontology/SNOMEDCT/118222006,,,,,,,
http://purl.bioontology.org/ontology/SNOMEDCT/17349007,Portal triaditis,,"Portal triaditis (disorder)|Portal triaditis, NOS",false,,,http://purl.bioontology.org/ontology/SNOMEDCT/128241005|http://purl.bioontology.org/ontology/SNOMEDCT/128998007,,,,,,,
http://purl.bioontology.org/ontology/SNOMEDCT/118234003,Finding by site,,Finding by site (finding),false,,,http://purl.bioontology.org/ontology/SNOMEDCT/404684003,46896,,,,,,
http://purl.bioontology.org/ontology/SNOMEDCT/366100000,General form of body - finding,,Finding of general form of body|Finding of general form of body (finding),false,,,http://purl.bioontology.org/ontology/SNOMEDCT/301305006,46896,,,,,,
http://purl.bioontology.org/ontology/SNOMEDCT/59848001,Obstructive hyperbilirubinemia,,Obstructive hyperbilirubinaemia|Obstructive jaundice|Obstructive hyperbilirubinemia (disorder),false,,,http://purl.bioontology.org/ontology/SNOMEDCT/9326001,46896,,,,,,
http://purl.bioontology.org/ontology/SNOMEDCT/27942005,Shock,,"Circulatory collapse|Shock, NOS|Peripheral vascular failure|Acute circulatory failure|Shock - physiological|Shock (disorder)|Peripheral vascular shutdown|Peripheral circulatory failure",false,,,http://purl.bioontology.org/ontology/SNOMEDCT/128487001,,,,,,,
http://purl.bioontology.org/ontology/SNOMEDCT/128561003,Granulomatous disorder,,Disorder characterized by granuloma formation|Disorder characterised by granuloma formation|Granulomatous disease|Disorder characterized by granuloma formation (disorder),false,,,http://purl.bioontology.org/ontology/SNOMEDCT/128139000,46896,,,,,,
http://purl.bioontology.org/ontology/SNOMEDCT/399902003,Disorder of body cavity,,Disorder of body cavity (disorder),false,,,http://purl.bioontology.org/ontology/SNOMEDCT/123946008,,,,,,,
http://purl.bioontology.org/ontology/SNOMEDCT/312130009,Viral infection by site,,Viral infection by site (disorder),false,,,http://purl.bioontology.org/ontology/SNOMEDCT/34014006|http://purl.bioontology.org/ontology/SNOMEDCT/301810000,46896,,,,,,
http://purl.bioontology.org/ontology/SNOMEDCT/40733004,Infectious disease,,"Infection|Infectious disease (disorder)|Disorder due to infection|Infection, NOS|Infective disorder|Infectious disease, NOS|Disease due to infection",false,,,http://purl.bioontology.org/ontology/SNOMEDCT/64572001,46896,,,,,,
http://purl.bioontology.org/ontology/SNOMEDCT/91273001,Lactic acidosis,,Lactic acidosis (disorder),false,,,http://purl.bioontology.org/ontology/SNOMEDCT/51294009,46896,,,,,,
http://purl.bioontology.org/ontology/SNOMEDCT/15904002,Bridging necrosis,,Bridging necrosis (morphologic abnormality),false,,,http://purl.bioontology.org/ontology/SNOMEDCT/6574001,46896,,,,,,http://bioportal.bioontology.org/visualize/46896?conceptid=15904002
http://purl.bioontology.org/ontology/SNOMEDCT/26436007,Disorder of acid-base balance,,"Disorder of acid-base balance (disorder)|Disorder of acid-base balance, NOS|Disturbance of acid-base balance|Disturbance of acid-base balance, NOS",false,,,http://purl.bioontology.org/ontology/SNOMEDCT/75934005,46896,,,,,,
http://purl.bioontology.org/ontology/SNOMEDCT/30217000,Proliferation,,"Proliferation, NOS|Proliferation (morphologic abnormality)",false,,,http://purl.bioontology.org/ontology/SNOMEDCT/57697001,46896,,,,,,http://bioportal.bioontology.org/visualize/46896?conceptid=30217000
http://purl.bioontology.org/ontology/SNOMEDCT/19943007,Cirrhosis of liver,,"Hepatic cirrhosis, NOS|Hepatic cirrhosis|Cirrhosis of liver without mention of alcohol|Cirrhosis of liver, NOS|Cirrhosis of liver (disorder)|CL - Cirrhosis of liver",false,,,http://purl.bioontology.org/ontology/SNOMEDCT/62484002|http://purl.bioontology.org/ontology/SNOMEDCT/65860006,,,,,,,
http://purl.bioontology.org/ontology/SNOMEDCT/423946005,Remnant of necrotic cell,,Remnant of necrotic cell (morphologic abnormality),false,,,http://purl.bioontology.org/ontology/SNOMEDCT/116023004,46896,,,,,,http://bioportal.bioontology.org/visualize/46896?conceptid=423946005
http://purl.bioontology.org/ontology/SNOMEDCT/363346000,Malignant neoplastic disease,,Malignant tumor (disorder)|Malignant neoplasm|Malignant tumor|Malignant neoplastic disease (disorder)|Malignant tumour|Cancer|CA - Cancer,false,,,http://purl.bioontology.org/ontology/SNOMEDCT/55342001,46896,,,,,,
http://purl.bioontology.org/ontology/SNOMEDCT/62484002,Hepatic fibrosis,,"Hepatic fibrosis (disorder)|Hepatic fibrosis, NOS|Fibrosis of liver",false,,,http://purl.bioontology.org/ontology/SNOMEDCT/235856003,,,,,,,
http://purl.bioontology.org/ontology/SNOMEDCT/94111002,Primary malignant neoplasm of trunk,,"Malignant neoplasm of trunk|Malignant neoplasm of trunk, NOS|Primary malignant neoplasm of trunk (disorder)",false,,,http://purl.bioontology.org/ontology/SNOMEDCT/372087000,46896,,,,,,
http://purl.bioontology.org/ontology/SNOMEDCT/125564007,Diffuse fibrosis,,Diffuse fibrosis (morphologic abnormality),false,,,http://purl.bioontology.org/ontology/SNOMEDCT/112674009,46896,,,,,,http://bioportal.bioontology.org/visualize/46896?conceptid=125564007
http://purl.bioontology.org/ontology/SNOMEDCT/107673000,Cellular AND/OR subcellular abnormality,,Cellular AND/OR subcellular abnormality (morphologic abnormality),false,,,http://www.owl-ontologies.com/Ontology1367946239.owl#morphologically_abnormal_structure,46896,,,,,,http://bioportal.bioontology.org/visualize/46896?conceptid=107673000
http://purl.bioontology.org/ontology/SNOMEDCT/69265003,Zonal necrosis,,Zonal necrosis (morphologic abnormality),false,,,http://purl.bioontology.org/ontology/SNOMEDCT/6574001,46896,,,,,,http://bioportal.bioontology.org/visualize/46896?conceptid=69265003
http://purl.bioontology.org/ontology/SNOMEDCT/409775006,Granulomatous inflammatory morphology,,Granulomatous inflammatory morphology (morphologic abnormality),false,,,http://purl.bioontology.org/ontology/SNOMEDCT/409774005,46896,,,,,,http://bioportal.bioontology.org/visualize/46896?conceptid=409775006
http://purl.bioontology.org/ontology/SNOMEDCT/128284006,Chronic digestive system disorder,,Chronic disorder of digestive system|Chronic disease of digestive system|Chronic digestive system disorder (disorder),false,,,http://purl.bioontology.org/ontology/SNOMEDCT/27624003,,,,,,,
http://purl.bioontology.org/ontology/SNOMEDCT/106080006,Digestive system finding,,Gastrointestinal tract observation|GIT - Gastrointestinal|Digestive system observation|Digestive system finding (finding),false,,,http://purl.bioontology.org/ontology/SNOMEDCT/118234003,46896,,,,,,
http://purl.bioontology.org/ontology/SNOMEDCT/128482007,Acute inflammatory disease,,Acute inflammatory disease (disorder)|Acute inflammatory disorder,false,,,http://purl.bioontology.org/ontology/SNOMEDCT/2704003|http://purl.bioontology.org/ontology/SNOMEDCT/128139000,,,,,,,
http://purl.bioontology.org/ontology/SNOMEDCT/125360002,Confluent necrosis,,Confluent necrosis (morphologic abnormality),false,,,http://purl.bioontology.org/ontology/SNOMEDCT/6574001,46896,,,,,,http://bioportal.bioontology.org/visualize/46896?conceptid=125360002
http://purl.bioontology.org/ontology/SNOMEDCT/21861000,Micronodular cirrhosis,,Micronodular cirrhosis (disorder),false,,,http://purl.bioontology.org/ontology/SNOMEDCT/19943007,,,,,,,
http://purl.bioontology.org/ontology/SNOMEDCT/116023004,Abnormal cell structure,,Abnormal cell structure (morphologic abnormality),false,,,http://purl.bioontology.org/ontology/SNOMEDCT/107673000,46896,,,,,,http://bioportal.bioontology.org/visualize/46896?conceptid=116023004
http://purl.bioontology.org/ontology/SNOMEDCT/107658001,Mechanical abnormality,,Mechanical abnormality (morphologic abnormality),false,,,http://www.owl-ontologies.com/Ontology1367946239.owl#morphologically_abnormal_structure,46896,,,,,,http://bioportal.bioontology.org/visualize/46896?conceptid=107658001
http://purl.bioontology.org/ontology/SNOMEDCT/92454000,Benign neoplasm of trunk,,"Benign neoplasm of trunk (disorder)|Benign neoplasm of trunk, NOS",false,,,http://purl.bioontology.org/ontology/SNOMEDCT/20376005,46896,,,,,,
http://purl.bioontology.org/ontology/SNOMEDCT/231287002,Infiltration,,Infiltration (procedure)|Infiltrations|Infiltrations (procedure),false,,,http://purl.bioontology.org/ontology/SNOMEDCT/107658001,46896,,,,,,http://bioportal.bioontology.org/visualize/46896?conceptid=231287002
http://purl.bioontology.org/ontology/SNOMEDCT/59455009,Metabolic acidosis,,"Metabolic acidosis (disorder)|Metabolic acidosis, NOS",false,,,http://purl.bioontology.org/ontology/SNOMEDCT/154757004,46896,,,,,,
http://purl.bioontology.org/ontology/SNOMEDCT/46283004,Perivascular fibrosis,,Perivascular fibrosis (morphologic abnormality),false,,,http://purl.bioontology.org/ontology/SNOMEDCT/112674009,46896,,,,,,http://bioportal.bioontology.org/visualize/46896?conceptid=46283004
http://purl.bioontology.org/ontology/SNOMEDCT/20719006,Extrahepatic cholestasis,,Extrahepatic cholestasis (finding),false,,,http://purl.bioontology.org/ontology/SNOMEDCT/300339003,46896,,,,,,
http://purl.bioontology.org/ontology/SNOMEDCT/58008004,Peliosis hepatis,,Hepatic peliosis|Peliosis hepatis (disorder)|PH - Peliosis hepatis|Telangiectasis of liver,false,,,http://purl.bioontology.org/ontology/SNOMEDCT/239953001,,,,,,,
http://purl.bioontology.org/ontology/SNOMEDCT/52739002,Focal necrosis,,Focal necrosis (morphologic abnormality),false,,,http://purl.bioontology.org/ontology/SNOMEDCT/6574001,46896,,,,,,
http://purl.bioontology.org/ontology/SNOMEDCT/20663007,Apoptosis,,Gene-directed cell death|Apoptosis (morphologic abnormality),false,,,http://purl.bioontology.org/ontology/SNOMEDCT/118956008,46896,,,,,,
http://purl.bioontology.org/ontology/SNOMEDCT/55294001,Focal hepatic necrosis,,Focal hepatic necrosis (disorder),false,,,http://purl.bioontology.org/ontology/SNOMEDCT/87248009,,,,,,,
http://purl.bioontology.org/ontology/SNOMEDCT/2704003,Acute disease,,"Any disease of sudden onset AND/OR short duration|Acute disease, NOS|Acute disease (disorder)",false,,,http://purl.bioontology.org/ontology/SNOMEDCT/64572001,,,,,,,
http://purl.bioontology.org/ontology/SNOMEDCT/409774005,Inflammatory morphology,,Inflammatory morphology (morphologic abnormality),false,,,http://www.owl-ontologies.com/Ontology1367946239.owl#morphologically_abnormal_structure,46896,,,,,,http://bioportal.bioontology.org/visualize/46896?conceptid=409774005
http://purl.bioontology.org/ontology/SNOMEDCT/39400004,Injury of liver,,"Hepatic injury, NOS|Injury of liver (disorder)|Hepatic trauma|Injury of liver, NOS|Hepatic injury",false,,,http://purl.bioontology.org/ontology/SNOMEDCT/235856003|http://purl.bioontology.org/ontology/SNOMEDCT/282007005|http://purl.bioontology.org/ontology/SNOMEDCT/284005003,,,,,,,
http://purl.bioontology.org/ontology/SNOMEDCT/103622007,Mild inflammation,,Mild inflammation (morphologic abnormality),false,,,http://purl.bioontology.org/ontology/SNOMEDCT/257552002,46896,,,,,,http://bioportal.bioontology.org/visualize/46896?conceptid=103622007
http://purl.bioontology.org/ontology/SNOMEDCT/65860006,Liver regeneration,,Nodular regenerative hyperplasia of liver|Liver regeneration (disorder),false,,,http://purl.bioontology.org/ontology/SNOMEDCT/235856003,,,,,,,
http://purl.bioontology.org/ontology/SNOMEDCT/255077007,Malignant tumor of digestive organ,,Malignant tumour of digestive organ|Malignant tumor of digestive organ (disorder),false,,,http://purl.bioontology.org/ontology/SNOMEDCT/363346000,46896,,,,,,
http://purl.bioontology.org/ontology/SNOMEDCT/21453001,Massive necrosis,,Massive necrosis (morphologic abnormality),false,,,http://www.owl-ontologies.com/Ontology1367946239.owl#morphologically_abnormal_structure|http://purl.bioontology.org/ontology/SNOMEDCT/6574001,46896,,,,,,http://bioportal.bioontology.org/visualize/46896?conceptid=21453001
http://purl.bioontology.org/ontology/SNOMEDCT/257552002,Inflammation,,Inflammation (qualifier value),false,,,http://purl.bioontology.org/ontology/SNOMEDCT/409774005,46896,,,,,,http://bioportal.bioontology.org/visualize/46896?conceptid=257552002
http://purl.bioontology.org/ontology/SNOMEDCT/87248009,Hepatic necrosis,,Hepatic necrosis (disorder)|Liver necrosis,false,,,http://purl.bioontology.org/ontology/SNOMEDCT/235856003|http://purl.bioontology.org/ontology/SNOMEDCT/123397009,,,,,,,
http://purl.bioontology.org/ontology/SNOMEDCT/4637005,Intrahepatic cholestasis,,Intrahepatic cholestasis (finding),false,,,http://purl.bioontology.org/ontology/SNOMEDCT/33688009|http://purl.bioontology.org/ontology/SNOMEDCT/300339003,46896,,,,,,
http://purl.bioontology.org/ontology/SNOMEDCT/103618002,Chronic congestion,,Chronic congestion (morphologic abnormality),false,,,http://purl.bioontology.org/ontology/SNOMEDCT/85804007,46896,,,,,,http://bioportal.bioontology.org/visualize/46896?conceptid=103618002
http://purl.bioontology.org/ontology/SNOMEDCT/250171008,Clinical history and observation findings,,Clinical history and observation findings (finding)|Clinical history and observations,false,,,http://purl.bioontology.org/ontology/SNOMEDCT/404684003,,,,,,,
http://purl.bioontology.org/ontology/SNOMEDCT/2492009,Nutritional disorder,,"Nutritional disorder (disorder)|Nutritional disease, NOS|Nutritional disease|Disorder of nutrition|Nutritional disorder, NOS|Malnutrition",false,,,http://purl.bioontology.org/ontology/SNOMEDCT/64572001,46896,,,,,,
http://purl.bioontology.org/ontology/SNOMEDCT/57697001,Growth alteration,,"Disturbance of growth|Growth alteration (morphologic abnormality)|Growth alteration, NOS|Disturbance of growth, NOS",false,,,http://www.owl-ontologies.com/Ontology1367946239.owl#morphologically_abnormal_structure,46896,,,,,,http://bioportal.bioontology.org/visualize/46896?conceptid=57697001
http://purl.bioontology.org/ontology/SNOMEDCT/48866007,Bile cast,,Bile cast (morphologic abnormality)|Inspissated bile|Bile plug,false,,,http://purl.bioontology.org/ontology/SNOMEDCT/36850000,46896,,,,,,http://bioportal.bioontology.org/visualize/46896?conceptid=48866007
http://purl.bioontology.org/ontology/SNOMEDCT/443961001,Malignant adenomatous neoplasm,,Adenocarcinoma|Malignant adenomatous neoplasm (disorder),false,,,http://purl.bioontology.org/ontology/SNOMEDCT/363346000,46896,,,,,,
http://purl.bioontology.org/ontology/SNOMEDCT/95556007,Cholestatic hepatitis,,Cholestatic hepatitis (disorder),false,,,http://purl.bioontology.org/ontology/SNOMEDCT/128241005,,,,,,,
http://purl.bioontology.org/ontology/SNOMEDCT/13331008,Atrophy,,"Simple atrophy|Atrophy (morphologic abnormality)|Atrophic|Atrophy, NOS",false,,,http://purl.bioontology.org/ontology/SNOMEDCT/107669003,46896,,,,,,http://bioportal.bioontology.org/visualize/46896?conceptid=13331008
http://purl.bioontology.org/ontology/SNOMEDCT/37871000,Acute hepatitis,,"Acute hepatitis (disorder)|Acute hepatitis, NOS",false,,,http://purl.bioontology.org/ontology/SNOMEDCT/128482007|http://purl.bioontology.org/ontology/SNOMEDCT/128241005,,,,,,,
http://purl.bioontology.org/ontology/SNOMEDCT/29185008,Fatty degeneration,,Fatty change|Lipoid degeneration|Steatosis|Fatty metamorphosis|Fatty degeneration (morphologic abnormality),false,,,http://purl.bioontology.org/ontology/SNOMEDCT/33359002,46896,,,,,,http://bioportal.bioontology.org/visualize/46896?conceptid=29185008
http://purl.bioontology.org/ontology/SNOMEDCT/4147007,Mass,,"Lump|Localized mass, NOS|Mass, NOS|Mass (morphologic abnormality)|Localized mass|Lump, NOS|Localised mass",false,,,http://www.owl-ontologies.com/Ontology1367946239.owl#morphologically_abnormal_structure,46896,,,,,,
http://purl.bioontology.org/ontology/SNOMEDCT/109841003,Liver cell carcinoma (clinical),,Hepatocellular carcinoma|Liver cell carcinoma|Malignant hepatoma|LCC - Liver cell carcinoma|Liver carcinoma|Hepatocellular carcinoma (clinical)|Hepatocarcinoma|Liver cell carcinoma (disorder)|HCC - Hepatocellular carcinoma,false,,,http://purl.bioontology.org/ontology/SNOMEDCT/95214007|http://purl.bioontology.org/ontology/SNOMEDCT/408646000,46896,,,,,,
http://purl.bioontology.org/ontology/SNOMEDCT/373407002,Inflammatory disorder of digestive system,,Inflammatory disorder of digestive system (disorder),false,,,http://purl.bioontology.org/ontology/SNOMEDCT/363171009,,,,,,,
http://purl.bioontology.org/ontology/SNOMEDCT/43904005,Macronodular cirrhosis,,Hypertrophic portal cirrhosis|Multilobar cirrhosis|Multiobar cirrhosis|Macronodular cirrhosis (disorder)|PNC - Postnecrotic cirrhosis|Postnecrotic cirrhosis,false,,,http://purl.bioontology.org/ontology/SNOMEDCT/19943007,,,,,,,
http://purl.bioontology.org/ontology/SNOMEDCT/235856003,Disease of liver,,LD - Liver disease|Disorder of liver|Liver disease|Hepatopathy|Disorder of liver (disorder),false,,,http://purl.bioontology.org/ontology/SNOMEDCT/399902003|http://purl.bioontology.org/ontology/SNOMEDCT/249565005,46896,,,,,,
http://purl.bioontology.org/ontology/SNOMEDCT/36195005,Nodular hyperplasia,,Nodular hyperplasia (morphologic abnormality)|Nodular regenerative hyperplasia|Hyperplastic nodule,false,,,http://purl.bioontology.org/ontology/SNOMEDCT/76197007,46896,,,,,,http://bioportal.bioontology.org/visualize/46896?conceptid=36195005
http://purl.bioontology.org/ontology/SNOMEDCT/38139006,Septal fibrosis,,Septal fibrosis (morphologic abnormality),false,,,http://purl.bioontology.org/ontology/SNOMEDCT/112674009,46896,,,,,,http://bioportal.bioontology.org/visualize/46896?conceptid=38139006
http://purl.bioontology.org/ontology/SNOMEDCT/125555002,Focal proliferation,,Focal proliferation (morphologic abnormality),false,,,http://purl.bioontology.org/ontology/SNOMEDCT/30217000,46896,,,,,,http://bioportal.bioontology.org/visualize/46896?conceptid=125555002
http://purl.bioontology.org/ontology/SNOMEDCT/243978007,Liver damage,,Liver damage (disorder),false,,,http://purl.bioontology.org/ontology/SNOMEDCT/235856003,,,,,,,
http://purl.bioontology.org/ontology/SNOMEDCT/128069005,Injury of abdomen,,Abdominal injury|Injury of abdomen (disorder),false,,,http://purl.bioontology.org/ontology/SNOMEDCT/48125009,46896,,,,,,
http://purl.bioontology.org/ontology/SNOMEDCT/235890007,Autoimmune liver disease,,Autoimmune liver disease (disorder),false,,,http://purl.bioontology.org/ontology/SNOMEDCT/235856003,,,,,,,
http://purl.bioontology.org/ontology/SNOMEDCT/18165001,Jaundice,,"Icteric|Jaundice, NOS|Jaundiced|Icterus, NOS|Jaundice (finding)|Icterus",false,,,http://purl.bioontology.org/ontology/SNOMEDCT/404684003,46896,,,,,,
http://purl.bioontology.org/ontology/SNOMEDCT/372087000,Primary malignant neoplasm,,Primary malignant neoplasm (disorder),false,,,http://purl.bioontology.org/ontology/SNOMEDCT/363346000,46896,,,,,,
http://purl.bioontology.org/ontology/SNOMEDCT/75694006,Pancreatitis,,"Pancreatitis, NOS|Pancreatitis (disorder)",false,,,http://purl.bioontology.org/ontology/SNOMEDCT/363169009,,,,,,,
http://purl.bioontology.org/ontology/SNOMEDCT/76409007,Fatty deposition,,"Lipid deposition|Fatty deposition, NOS|Fatty deposition (morphologic abnormality)",false,,,http://purl.bioontology.org/ontology/SNOMEDCT/46595003,46896,,,,,,
http://purl.bioontology.org/ontology/SNOMEDCT/128487001,Acute disease of cardiovascular system,,Acute disease of cardiovascular system (disorder)|Acute disorder of cardiovascular system|Acute cardiovascular disorder|Acute cardiovascular disease,false,,,http://purl.bioontology.org/ontology/SNOMEDCT/2704003,,,,,,,
http://purl.bioontology.org/ontology/SNOMEDCT/82403002,Cholangitis,,"Cholangitis (disorder)|Cholangitis, NOS",false,,,http://purl.bioontology.org/ontology/SNOMEDCT/373407002|http://purl.bioontology.org/ontology/SNOMEDCT/363169009,,,,,,,
http://purl.bioontology.org/ontology/SNOMEDCT/362975008,Degenerative disorder,,Degenerative disorder (disorder),false,,,http://purl.bioontology.org/ontology/SNOMEDCT/64572001,,,,,,,
http://purl.bioontology.org/ontology/SNOMEDCT/45752008,Fatty infiltration,,Fatty infiltration (morphologic abnormality),false,,,http://purl.bioontology.org/ontology/SNOMEDCT/46595003,46896,,,,,,
http://purl.bioontology.org/ontology/SNOMEDCT/197284004,Chronic active hepatitis,,Autoimmune chronic active hepatitis|Chronic active hepatitis (disorder)|CAH - Chronic active hepatitis|Autoimmune hepatitis|CAH - Chronic aggressive hepatitis,false,,,http://purl.bioontology.org/ontology/SNOMEDCT/76783007,,,,,,,
http://purl.bioontology.org/ontology/SNOMEDCT/271590003,Obese build,,Fat build|Obese build (finding),false,,,http://purl.bioontology.org/ontology/SNOMEDCT/366209005,,,,,,,
http://www.owl-ontologies.com/Ontology1367946239.owl#morphologically_abnormal_structure,Morphologically_abnormal_structure,,missing,false,,,http://purl.bioontology.org/ontology/SNOMEDCT/118956008,,,,,,,
http://purl.bioontology.org/ontology/SNOMEDCT/442021009,Enlargement,,Enlargement (morphologic abnormality),false,,,http://www.owl-ontologies.com/Ontology1367946239.owl#morphologically_abnormal_structure,46896,,,,,,http://bioportal.bioontology.org/visualize/46896?conceptid=442021009
http://purl.bioontology.org/ontology/SNOMEDCT/366253000,Size of liver - finding,,Finding of size of liver (finding)|Finding of size of liver,false,,,http://purl.bioontology.org/ontology/SNOMEDCT/300324004,46896,,,,,,
http://purl.bioontology.org/ontology/SNOMEDCT/51294009,"Metabolic acidosis, IAG, accumulation of organic acids",,"Metabolic acidosis, IAG, accumulation of organic acids (disorder)",false,,,http://purl.bioontology.org/ontology/SNOMEDCT/25998009,46896,,,,,,
http://purl.bioontology.org/ontology/SNOMEDCT/408335007,Autoimmune hepatitis,,Autoimmune hepatitis (disorder),false,,,http://purl.bioontology.org/ontology/SNOMEDCT/235890007|http://purl.bioontology.org/ontology/SNOMEDCT/128241005,,,,,,,
http://purl.bioontology.org/ontology/SNOMEDCT/76783007,Chronic hepatitis,,"CH - Chronic hepatitis|Chronic hepatitis (disorder)|Chronic hepatitis, NOS",false,,,http://purl.bioontology.org/ontology/SNOMEDCT/128241005|http://purl.bioontology.org/ontology/SNOMEDCT/128294001,,,,,,,
http://purl.bioontology.org/ontology/SNOMEDCT/31313009,Bridging fibrosis,,Bridging fibrosis (morphologic abnormality),false,,,http://purl.bioontology.org/ontology/SNOMEDCT/112674009,46896,,,,,,http://bioportal.bioontology.org/visualize/46896?conceptid=31313009
http://purl.bioontology.org/ontology/SNOMEDCT/50673007,Cytologic atypia,,"Atypical cell present|Cytologic atypia, NOS|Atypical cell present, NOS|Cytologic atypia (morphologic abnormality)",false,,,http://purl.bioontology.org/ontology/SNOMEDCT/107673000,46896,,,,,,http://bioportal.bioontology.org/visualize/46896?conceptid=50673007
http://www.semanticweb.org/ontologies/2013/4/7/untitled-ontology-379#Cytolysis,Cytolysis,,missing,false,,,http://purl.bioontology.org/ontology/SNOMEDCT/30750004,,,,,,,
http://purl.bioontology.org/ontology/SNOMEDCT/64770007,Nodular regeneration,,"Nodular regeneration (morphologic abnormality)|Nodular regeneration, NOS",false,,,http://purl.bioontology.org/ontology/SNOMEDCT/34636005,46896,,,,,,http://bioportal.bioontology.org/visualize/46896?conceptid=64770007
http://purl.bioontology.org/ontology/SNOMEDCT/276879000,Hydropic degeneration,,Hydatidiform degeneration|Hydropic change|Molar degeneration|Hydropic degeneration (disorder),false,,,http://purl.bioontology.org/ontology/SNOMEDCT/33359002,46896,,,,,,http://bioportal.bioontology.org/visualize/46896?conceptid=276879000
http://purl.bioontology.org/ontology/SNOMEDCT/6574001,Necrosis,,"Necrosis, NOS|Cellular necrosis|Necrosis (morphologic abnormality)|Tissue devitalization|Cellular necrosis, NOS|Tissue devitalisation",false,,,http://purl.bioontology.org/ontology/SNOMEDCT/37782003,46896,,,,,,http://bioportal.bioontology.org/visualize/46896?conceptid=6574001
http://purl.bioontology.org/ontology/SNOMEDCT/300324004,Finding of appearance of liver,,Finding of appearance of liver (finding)|Observation of appearance of liver,false,,,http://purl.bioontology.org/ontology/SNOMEDCT/249565005,46896,,,,,,
http://purl.bioontology.org/ontology/SNOMEDCT/9326001,Conjugated hyperbilirubinemia,,"Conjugated hyperbilirubinemia (disorder)|Conjugated hyperbilirubinaemia|Conjugated hyperbilirubinemia, NOS",false,,,http://purl.bioontology.org/ontology/SNOMEDCT/14783006,46896,,,,,,
http://purl.bioontology.org/ontology/SNOMEDCT/88880001,Hemorrhagic necrosis,,Haemorrhagic necrosis|Hemorrhagic necrosis (morphologic abnormality),false,,,http://purl.bioontology.org/ontology/SNOMEDCT/6574001,46896,,,,,,http://bioportal.bioontology.org/visualize/46896?conceptid=88880001
http://purl.bioontology.org/ontology/SNOMEDCT/442191002,Steatohepatitis,,Steatohepatitis (disorder),false,,,http://purl.bioontology.org/ontology/SNOMEDCT/128241005|http://purl.bioontology.org/ontology/SNOMEDCT/197321007,,,,,,,
http://purl.bioontology.org/ontology/SNOMEDCT/19438006,Feathery degeneration,,Feathery degeneration (morphologic abnormality),false,,,http://purl.bioontology.org/ontology/SNOMEDCT/33359002,46896,,,,,,http://bioportal.bioontology.org/visualize/46896?conceptid=19438006
http://purl.bioontology.org/ontology/SNOMEDCT/34014006,Viral disease,,"Viral infection, NOS|Viral infection|Viral disease, NOS|Disease due to virus|Viral illness, NOS|Viral disease (disorder)|Viral infectious disease, NOS|Disease caused by virus|Viral illness|Viral infectious disease|Disease caused by virus, NOS",false,,,http://purl.bioontology.org/ontology/SNOMEDCT/40733004,46896,,,,,,
http://purl.bioontology.org/ontology/SNOMEDCT/255167007,Benign tumor of digestive organ,,Benign tumour of digestive organ|Benign tumor of digestive organ (disorder),false,,,http://purl.bioontology.org/ontology/SNOMEDCT/20376005,46896,,,,,,
http://purl.bioontology.org/ontology/SNOMEDCT/107669003,Degenerative abnormality,,Degenerative abnormality (morphologic abnormality),false,,,http://www.owl-ontologies.com/Ontology1367946239.owl#morphologically_abnormal_structure,46896,,,,,,
http://purl.bioontology.org/ontology/SNOMEDCT/50960005,Hemorrhage,,"Blood loss|Extravasation of blood|Bleeding|Hemorrhage, NOS|Hemorrhage (morphologic abnormality)|Haemorrhage|Haemorrhage, NOS|Bleeding, NOS",false,,,http://purl.bioontology.org/ontology/SNOMEDCT/107658001,46896,,,,,,http://bioportal.bioontology.org/visualize/46896?conceptid=50960005
http://purl.bioontology.org/ontology/SNOMEDCT/80006005,Disorder of bilirubin metabolism,,"Disorder of bilirubin metabolism (disorder)|Disorder of bilirubin metabolism, NOS",false,,,http://purl.bioontology.org/ontology/SNOMEDCT/29094004,46896,,,,,,
http://purl.bioontology.org/ontology/SNOMEDCT/128241005,Inflammatory disease of liver,,Inflammatory liver disease|Hepatitis|Inflammatory disorder of liver|Inflammatory disease of liver (disorder),false,,,http://purl.bioontology.org/ontology/SNOMEDCT/373407002|http://purl.bioontology.org/ontology/SNOMEDCT/235856003|http://purl.bioontology.org/ontology/SNOMEDCT/363169009,,,,,,,
http://purl.bioontology.org/ontology/SNOMEDCT/255287002,Hypertrophy,,Hypertrophy [dup] (morphologic abnormality)|Hypertrophy (morphologic abnormality)|Hypertrophic,false,,,http://purl.bioontology.org/ontology/SNOMEDCT/57697001|http://purl.bioontology.org/ontology/SNOMEDCT/442021009,46896,,,,,,http://bioportal.bioontology.org/visualize/46896?conceptid=255287002
http://purl.bioontology.org/ontology/SNOMEDCT/125430006,Giant mitochondria,,Giant mitochondria (morphologic abnormality),false,,,http://purl.bioontology.org/ontology/SNOMEDCT/116023004,46896,,,,,,http://bioportal.bioontology.org/visualize/46896?conceptid=125430006
http://purl.bioontology.org/ontology/SNOMEDCT/399981008,Neoplasm and/or hamartoma,,Neoplasm and/or hamartoma (disorder),false,,,http://purl.bioontology.org/ontology/SNOMEDCT/64572001,46896,,,,,,
http://purl.bioontology.org/ontology/SNOMEDCT/312158001,Infection of digestive system,,Infection of digestive system (disorder),false,,,http://purl.bioontology.org/ontology/SNOMEDCT/301810000,,,,,,,
http://purl.bioontology.org/ontology/SNOMEDCT/107670002,Lysis AND/OR resorbed tissue,,Lysis AND/OR resorbed tissue (morphologic abnormality),false,,,http://purl.bioontology.org/ontology/SNOMEDCT/107669003,46896,,,,,,
http://purl.bioontology.org/ontology/SNOMEDCT/95214007,Primary malignant neoplasm of liver,,Ca liver - primary|Primary malignant neoplasm of liver (disorder),false,,,http://purl.bioontology.org/ontology/SNOMEDCT/93839008|http://purl.bioontology.org/ontology/SNOMEDCT/93870000,46896,,,,,,
http://purl.bioontology.org/ontology/SNOMEDCT/302872003,Disorder of hyperalimentation,,Overnutrition|Overfed|Disorder of hyperalimentation (disorder),false,,,http://purl.bioontology.org/ontology/SNOMEDCT/2492009,46896,,,,,,
http://purl.bioontology.org/ontology/SNOMEDCT/107682006,Fibrosis AND/OR repair abnormality,,Fibrosis AND/OR repair abnormality (morphologic abnormality),false,,,http://www.owl-ontologies.com/Ontology1367946239.owl#morphologically_abnormal_structure,46896,,,,,,http://bioportal.bioontology.org/visualize/46896?conceptid=107682006
http://purl.bioontology.org/ontology/SNOMEDCT/92186001,Benign neoplasm of liver,,"Benign tumour of liver|Benign neoplasm of liver, NOS|Benign neoplasm of liver (disorder)|Benign tumor of liver",false,,,http://purl.bioontology.org/ontology/SNOMEDCT/92153000|http://purl.bioontology.org/ontology/SNOMEDCT/255167007,46896,,,,,,
http://purl.bioontology.org/ontology/SNOMEDCT/417163006,Traumatic AND/OR non-traumatic injury,,Injury|Traumatic AND/OR non-traumatic injury (disorder)|Disorder resulting from physical damage to the body,false,,,http://purl.bioontology.org/ontology/SNOMEDCT/64572001,46896,,,,,,
http://purl.bioontology.org/ontology/SNOMEDCT/76197007,Hyperplasia,,"Cellular proliferation|Hypercellularity|Hyperplasia, NOS|Hyperplasia (morphologic abnormality)",false,,,http://purl.bioontology.org/ontology/SNOMEDCT/57697001,46896,,,,,,http://bioportal.bioontology.org/visualize/46896?conceptid=76197007
http://purl.bioontology.org/ontology/SNOMEDCT/239551005,Cytolysis,,Cytolysis (morphologic abnormality),false,,,http://purl.bioontology.org/ontology/SNOMEDCT/13331008,46896,,,,,,
http://purl.bioontology.org/ontology/SNOMEDCT/301810000,Infection by site,,Infection by site (disorder),false,,,http://purl.bioontology.org/ontology/SNOMEDCT/123946008|http://purl.bioontology.org/ontology/SNOMEDCT/40733004,,,,,,,
http://purl.bioontology.org/ontology/SNOMEDCT/32408007,Piecemeal necrosis,,Piecemeal necrosis (morphologic abnormality),false,,,http://purl.bioontology.org/ontology/SNOMEDCT/6574001,46896,,,,,,http://bioportal.bioontology.org/visualize/46896?conceptid=32408007
http://purl.bioontology.org/ontology/SNOMEDCT/20376005,Benign neoplastic disease,,Benign neoplastic disease (disorder),false,,,http://purl.bioontology.org/ontology/SNOMEDCT/55342001,46896,,,,,,
http://purl.bioontology.org/ontology/SNOMEDCT/27624003,Chronic disease,,"Chronic disease (disorder)|Chronic disease, NOS",false,,,http://purl.bioontology.org/ontology/SNOMEDCT/64572001,,,,,,,
http://purl.bioontology.org/ontology/SNOMEDCT/26036001,Obstruction,,"Block|Occlusion, NOS|Obstruction (morphologic abnormality)|Obstruction, NOS|Block, NOS|Occlusion",false,,,http://purl.bioontology.org/ontology/SNOMEDCT/107658001,46896,,,,,,http://bioportal.bioontology.org/visualize/46896?conceptid=26036001
http://purl.bioontology.org/ontology/SNOMEDCT/36850000,Retention,,"Content retention|Retention (morphologic abnormality)|Retention, NOS|Content retention, NOS",false,,,http://purl.bioontology.org/ontology/SNOMEDCT/107658001,46896,,,,,,http://bioportal.bioontology.org/visualize/46896?conceptid=36850000
http://purl.bioontology.org/ontology/SNOMEDCT/366209005,Physique finding,,Physique finding (finding),false,,,http://purl.bioontology.org/ontology/SNOMEDCT/366100000,,,,,,,
http://purl.bioontology.org/ontology/SNOMEDCT/188366002,Malignant neoplasm of abdomen,,Malignant tumour of abdomen|Malignant tumor of abdomen (disorder)|Malignant neoplasm of abdomen (disorder)|Malignant tumor of abdomen,false,,,http://purl.bioontology.org/ontology/SNOMEDCT/363346000,46896,,,,,,
http://purl.bioontology.org/ontology/SNOMEDCT/238145001,Trace element excess,,Trace element excess (disorder),false,,,http://purl.bioontology.org/ontology/SNOMEDCT/238138001,46896,,,,,,
http://purl.bioontology.org/ontology/SNOMEDCT/154757004,Acidosis,,Acidosis|Acidosis (disorder),false,,,http://purl.bioontology.org/ontology/SNOMEDCT/26436007,46896,,,,,,
http://purl.bioontology.org/ontology/SNOMEDCT/35571009,Cholangiolitis,,"Cholangiolitis, NOS|Cholangiolitis (disorder)",false,,,http://purl.bioontology.org/ontology/SNOMEDCT/370489002,,,,,,,
http://purl.bioontology.org/ontology/SNOMEDCT/282007005,Gastrointestinal and digestive injury,,Gastrointestinal and digestive injury (disorder),false,,,http://purl.bioontology.org/ontology/SNOMEDCT/417746004|http://purl.bioontology.org/ontology/SNOMEDCT/123397009,46896,,,,,,
http://purl.bioontology.org/ontology/SNOMEDCT/118956008,Morphologically altered structure,,"Body structure, altered from its original anatomical structure (morphologic abnormality)|Morphologic alteration|Morphologic change|Body structure, altered from its original anatomical structure",false,,,http://purl.bioontology.org/ontology/SNOMEDCT/123037004,46896,,,,,,
http://purl.bioontology.org/ontology/SNOMEDCT/249565005,Liver finding,,Liver observation|Liver finding (finding),false,,,http://purl.bioontology.org/ontology/SNOMEDCT/106080006,46896,,,,,,
http://purl.bioontology.org/ontology/SNOMEDCT/20894005,Mallory bodies,,Alcoholic hyalin|Mallory bodies (morphologic abnormality),false,,,http://purl.bioontology.org/ontology/SNOMEDCT/116023004,46896,,,,,,http://bioportal.bioontology.org/visualize/46896?conceptid=20894005
http://purl.bioontology.org/ontology/SNOMEDCT/27925004,Nodule,,"Nodule (morphologic abnormality)|A 1 to 5 cm firm lesion raised above the surface of the surrounding skin; differs from a papule only in size|Nodule, NOS",false,,,http://purl.bioontology.org/ontology/SNOMEDCT/4147007,46896,,,,,,http://bioportal.bioontology.org/visualize/46896?conceptid=27925004
http://purl.bioontology.org/ontology/SNOMEDCT/30913008,Disorder of iron metabolism,,"Disorder of iron metabolism (disorder)|Disorder of iron metabolism, NOS",false,,,http://purl.bioontology.org/ontology/SNOMEDCT/45744005,46896,,,,,,
http://purl.bioontology.org/ontology/SNOMEDCT/6855001,Macronucleus,,Karyomegaly|Macronucleus (morphologic abnormality),false,,,http://purl.bioontology.org/ontology/SNOMEDCT/50673007,46896,,,,,,http://bioportal.bioontology.org/visualize/46896?conceptid=6855001
http://purl.bioontology.org/ontology/SNOMEDCT/3139003,Ballooning degeneration,,Ballooning degeneration (morphologic abnormality),false,,,http://purl.bioontology.org/ontology/SNOMEDCT/33359002,46896,,,,,,http://bioportal.bioontology.org/visualize/46896?conceptid=3139003
http://purl.bioontology.org/ontology/SNOMEDCT/3738000,Viral hepatitis,,"VH - Viral hepatitis|Viral hepatitis, NOS|Viral hepatitis (disorder)|Unspecified viral hepatitis without mention of hepatic coma",false,,,http://purl.bioontology.org/ontology/SNOMEDCT/312130009|http://purl.bioontology.org/ontology/SNOMEDCT/235862008,,,,,,,
http://purl.bioontology.org/ontology/SNOMEDCT/128998007,Inflammatory disorder of the cardiovascular system,,Inflammatory disorder of the cardiovascular system (disorder),false,,,http://purl.bioontology.org/ontology/SNOMEDCT/363171009,,,,,,,
http://purl.bioontology.org/ontology/SNOMEDCT/19660004,Disorder of soft tissue,,"Soft tissue disorder|Disorder of soft tissue, NOS|Disorder of soft tissue (disorder)",false,,,http://purl.bioontology.org/ontology/SNOMEDCT/123946008,,,,,,,
http://purl.bioontology.org/ontology/SNOMEDCT/68282007,Granular degeneration,,Floccular degeneration|Albuminous degeneration|Granular degeneration (morphologic abnormality)|Albuminoid degeneration|Parenchymatous degeneration|Cloudy swelling,false,,,http://purl.bioontology.org/ontology/SNOMEDCT/33359002,46896,,,,,,http://bioportal.bioontology.org/visualize/46896?conceptid=68282007
http://purl.bioontology.org/ontology/SNOMEDCT/25322007,Dilatation,,"Dilation|Distension, NOS|Distention|Distension|Dilatation, NOS|Distention, NOS|Dilatation (morphologic abnormality)|Ectasia",false,,,http://purl.bioontology.org/ontology/SNOMEDCT/107658001,46896,,,,,,http://bioportal.bioontology.org/visualize/46896?conceptid=25322007
http://purl.bioontology.org/ontology/SNOMEDCT/363171009,Inflammation of specific body systems,,Inflammation of specific body systems (disorder),false,,,http://purl.bioontology.org/ontology/SNOMEDCT/399902003|http://purl.bioontology.org/ontology/SNOMEDCT/363170005,,,,,,,
http://purl.bioontology.org/ontology/SNOMEDCT/25998009,"Metabolic acidosis, increased anion gap (IAG)",,"Metabolic acidosis, increased anion gap (IAG) (disorder)|Metabolic acidosis, increased anion gap (IAG), NOS",false,,,http://purl.bioontology.org/ontology/SNOMEDCT/59455009,46896,,,,,,
http://purl.bioontology.org/ontology/SNOMEDCT/362965005,Disorder of body system,,Disorder of body system (disorder),false,,,http://purl.bioontology.org/ontology/SNOMEDCT/123946008,46896,,,,,,
http://purl.bioontology.org/ontology/SNOMEDCT/107666005,Fluid disturbance,,Fluid disturbance (morphologic abnormality),false,,,http://purl.bioontology.org/ontology/SNOMEDCT/107658001,46896,,,,,,http://bioportal.bioontology.org/visualize/46896?conceptid=107666005
http://purl.bioontology.org/ontology/SNOMEDCT/417746004,Traumatic injury,,Injury - disorder|Trauma|Injury|Traumatic injury (disorder)|Disorder resulting from physical damage to the body,false,,,http://purl.bioontology.org/ontology/SNOMEDCT/417163006,46896,,,,,,
http://purl.bioontology.org/ontology/SNOMEDCT/238138001,Excess intake of micronutrients,,Excess intake of micronutrients (disorder),false,,,http://purl.bioontology.org/ontology/SNOMEDCT/302872003,46896,,,,,,
http://purl.bioontology.org/ontology/SNOMEDCT/255061006,Benign neoplasm of abdomen,,Benign neoplasm of abdomen (disorder)|Benign tumour of abdomen|Benign tumor of abdomen (disorder)|Benign tumor of abdomen,false,,,http://purl.bioontology.org/ontology/SNOMEDCT/92454000,46896,,,,,,
http://purl.bioontology.org/ontology/SNOMEDCT/118222006,General finding of observation of patient,,General patient finding|General condition of patient|General observation of patient|General finding of observation of patient (finding),false,,,http://purl.bioontology.org/ontology/SNOMEDCT/250171008,,,,,,,
http://purl.bioontology.org/ontology/SNOMEDCT/197321007,Steatosis of liver,,Steatosis of liver (disorder)|Hepatic lipidosis|Fatty liver,false,,,http://purl.bioontology.org/ontology/SNOMEDCT/235856003|http://purl.bioontology.org/ontology/SNOMEDCT/362975008,,,,,,,
http://purl.bioontology.org/ontology/SNOMEDCT/448675008,Malignant neoplasm of digestive system,,Malignant neoplasm of digestive system (disorder)|Cancer of digestive system,false,,,http://purl.bioontology.org/ontology/SNOMEDCT/363346000,46896,,,,,,
http://purl.bioontology.org/ontology/SNOMEDCT/128294001,Chronic inflammatory disorder,,Chronic inflammatory disease|Chronic inflammatory disorder (disorder),false,,,http://purl.bioontology.org/ontology/SNOMEDCT/27624003|http://purl.bioontology.org/ontology/SNOMEDCT/128139000,,,,,,,
http://purl.bioontology.org/ontology/SNOMEDCT/48125009,Injury of trunk,,"Injury of trunk (disorder)|Injury of trunk, NOS|Truncal injury",false,,,http://purl.bioontology.org/ontology/SNOMEDCT/417746004|http://purl.bioontology.org/ontology/SNOMEDCT/123397009,46896,,,,,,
http://purl.bioontology.org/ontology/SNOMEDCT/197274000,Subacute hepatic necrosis,,Subacute necrosis of liver (disorder)|Subacute necrosis of liver,false,,,http://purl.bioontology.org/ontology/SNOMEDCT/87248009,46896,,,,,,
http://purl.bioontology.org/ontology/SNOMEDCT/239953001,Soft tissue lesion,,Soft tissue lesion (disorder),false,,,http://purl.bioontology.org/ontology/SNOMEDCT/19660004,,,,,,,
http://purl.bioontology.org/ontology/SNOMEDCT/76319000,Diffuse necrosis,,Diffuse necrosis (morphologic abnormality),false,,,http://purl.bioontology.org/ontology/SNOMEDCT/6574001,46896,,,,,,
http://purl.bioontology.org/ontology/SNOMEDCT/284005003,Abdominal cavity injury,,Abdominal cavity injury (disorder),false,,,http://purl.bioontology.org/ontology/SNOMEDCT/128069005|http://purl.bioontology.org/ontology/SNOMEDCT/284346004,,,,,,,
http://purl.bioontology.org/ontology/SNOMEDCT/123397009,Injury of anatomical site,,Injury of anatomical site (disorder),false,,,http://purl.bioontology.org/ontology/SNOMEDCT/123946008|http://purl.bioontology.org/ontology/SNOMEDCT/417163006,46896,,,,,,
http://purl.bioontology.org/ontology/SNOMEDCT/408646000,Adenocarcinoma of liver,,Adenocarcinoma of liver (disorder),false,,,http://purl.bioontology.org/ontology/SNOMEDCT/443961001|http://purl.bioontology.org/ontology/SNOMEDCT/93870000,46896,,,,,,
http://purl.bioontology.org/ontology/SNOMEDCT/64572001,Disease,,"Disease AND/OR syndrome present|Clinical disease AND/OR syndrome|Syndrome|Disorders|Disorder|Syndrome, NOS|Disease (disorder)|Disease, NOS|Clinical disease or syndrome, NOS|Disease or syndrome present, NOS|Diseases|Clinical disease AND/OR syndrome present|Disorder, NOS|Clinical disease or syndrome present, NOS",false,,,http://purl.bioontology.org/ontology/SNOMEDCT/404684003,46896,,,,,,
http://purl.bioontology.org/ontology/SNOMEDCT/112674009,Fibrosis,,"Fibrosis (morphologic abnormality)|Fibrosis, NOS|Fibrous thickening|Fibrous repair|Fibrous replacement|Desmoplasia|Fibroplasia|Fibroplasia, NOS",false,,,http://purl.bioontology.org/ontology/SNOMEDCT/107682006,46896,,,,,,http://bioportal.bioontology.org/visualize/46896?conceptid=112674009
http://purl.bioontology.org/ontology/SNOMEDCT/404684003,Clinical finding,,Clinical finding (finding),false,,,http://www.w3.org/2002/07/owl#Thing,46896,,,,,,
http://purl.bioontology.org/ontology/SNOMEDCT/363169009,Inflammation of specific body organs,,Inflammation of specific body organs (disorder),false,,,http://purl.bioontology.org/ontology/SNOMEDCT/363170005,,,,,,,
http://purl.bioontology.org/ontology/SNOMEDCT/34636005,Regeneration,,"Regeneration (morphologic abnormality)|Regeneration, NOS",false,,,http://purl.bioontology.org/ontology/SNOMEDCT/57697001,46896,,,,,,http://bioportal.bioontology.org/visualize/46896?conceptid=34636005
http://purl.bioontology.org/ontology/SNOMEDCT/235859005,Liver disorder due to infection,,Infectious disease of liver|Liver disorder due to infection (disorder),false,,,http://purl.bioontology.org/ontology/SNOMEDCT/235856003|http://purl.bioontology.org/ontology/SNOMEDCT/312158001|http://purl.bioontology.org/ontology/SNOMEDCT/128070006,,,,,,,
http://purl.bioontology.org/ontology/SNOMEDCT/33688009,Cholestasis,,"Bile stasis, NOS|Cholestasis (finding)|Bile stasis|Cholestasis, NOS",false,,,http://purl.bioontology.org/ontology/SNOMEDCT/249565005,46896,,,,,,
http://purl.bioontology.org/ontology/SNOMEDCT/235862008,Hepatitis due to infection,,Hepatitis due to infection (disorder),false,,,http://purl.bioontology.org/ontology/SNOMEDCT/128241005|http://purl.bioontology.org/ontology/SNOMEDCT/235859005,,,,,,,
http://purl.bioontology.org/ontology/SNOMEDCT/59927004,Hepatic failure,,"Liver decompensation|Hepatic failure, NOS|Hepatic insufficiency, NOS|Liver failure|Liver function failure, NOS|Hepatic insufficiency|Liver decompensation, NOS|Liver function failure|Hepatic failure (disorder)",false,,,http://purl.bioontology.org/ontology/SNOMEDCT/235856003,,,,,,,
http://purl.bioontology.org/ontology/SNOMEDCT/370489002,Cholangiohepatitis,,Cholangiohepatitis (disorder),false,,,http://purl.bioontology.org/ontology/SNOMEDCT/82403002|http://purl.bioontology.org/ontology/SNOMEDCT/128241005,,,,,,,
http://purl.bioontology.org/ontology/SNOMEDCT/128139000,Inflammatory disorder,,Inflammatory disorder (disorder)|Inflammatory disease,false,,,http://purl.bioontology.org/ontology/SNOMEDCT/64572001,46896,,,,,,
http://purl.bioontology.org/ontology/SNOMEDCT/300339003,Finding of biliary tract,,Finding of biliary tract (finding)|Observation of biliary tract,false,,,http://purl.bioontology.org/ontology/SNOMEDCT/106080006,46896,,,,,,
http://purl.bioontology.org/ontology/SNOMEDCT/111373008,Pericholangitis,,"Pericholangitis, NOS|Pericholangitis (disorder)",false,,,http://purl.bioontology.org/ontology/SNOMEDCT/82403002,,,,,,,
http://purl.bioontology.org/ontology/SNOMEDCT/128070006,Infectious disease of abdomen,,Abdominal infection|Infection of abdomen|Infectious disorder of abdomen|Infectious disease of abdomen (disorder),false,,,http://purl.bioontology.org/ontology/SNOMEDCT/301810000,,,,,,,
http://purl.bioontology.org/ontology/SNOMEDCT/30750004,Lysis,,"Cytolysis|Lysis (morphologic abnormality)|Lysis, NOS|Cytolysis, NOS",false,,,http://purl.bioontology.org/ontology/SNOMEDCT/107670002,46896,,,,,,http://bioportal.bioontology.org/visualize/46896?conceptid=30750004
http://purl.bioontology.org/ontology/SNOMEDCT/93839008,Primary malignant neoplasm of intra-abdominal organs,,"Malignant neoplasm of intra-abdominal organs, NOS|Malignant neoplasm of intra-abdominal organs|Primary malignant neoplasm of intra-abdominal organs (disorder)",false,,,http://purl.bioontology.org/ontology/SNOMEDCT/94111002|http://purl.bioontology.org/ontology/SNOMEDCT/188366002,46896,,,,,,
http://purl.bioontology.org/ontology/SNOMEDCT/86514004,Granulomatous hepatitis,,Granulomatous hepatitis (disorder),false,,,http://purl.bioontology.org/ontology/SNOMEDCT/128561003|http://purl.bioontology.org/ontology/SNOMEDCT/128241005,,,,,,,
http://purl.bioontology.org/ontology/SNOMEDCT/45744005,Disorder of mineral metabolism,,"Disorder of mineral metabolism (disorder)|Disorder of mineral metabolism, NOS",false,,,http://purl.bioontology.org/ontology/SNOMEDCT/75934005,46896,,,,,,
http://purl.bioontology.org/ontology/SNOMEDCT/93870000,Malignant neoplasm of liver,,"Malignant tumor of liver|Liver cancer|Malignant neoplasm of liver, NOS|Malignant tumour of liver|Primary malignant neoplasm of liver|CA - Liver cancer|Malignant neoplasm of liver (disorder)",false,,,http://purl.bioontology.org/ontology/SNOMEDCT/255077007|http://purl.bioontology.org/ontology/SNOMEDCT/188366002,46896,,,,,,
http://purl.bioontology.org/ontology/SNOMEDCT/37782003,Damage,,"Tissue damage, NOS|Tissue damage|Damage (morphologic abnormality)|Damage, NOS",false,,,http://www.owl-ontologies.com/Ontology1367946239.owl#morphologically_abnormal_structure,46896,,,,,,http://bioportal.bioontology.org/visualize/46896?conceptid=37782003
http://purl.bioontology.org/ontology/SNOMEDCT/123037004,Body structure,,Body structures|Body structure (body structure),false,,,http://www.w3.org/2002/07/owl#Thing,46896,,,,,,
http://purl.bioontology.org/ontology/SNOMEDCT/427044009,Fulminant hepatitis,,Fulminant hepatitis (disorder),false,,,http://purl.bioontology.org/ontology/SNOMEDCT/128241005,,,,,,,
http://purl.bioontology.org/ontology/SNOMEDCT/51404004,Fibrous bands,,Ainhum|Fibrous bands (morphologic abnormality),false,,,http://purl.bioontology.org/ontology/SNOMEDCT/112674009,46896,,,,,,http://bioportal.bioontology.org/visualize/46896?conceptid=51404004
http://purl.bioontology.org/ontology/SNOMEDCT/363170005,Inflammation of specific body structures or tissue,,Inflammation of specific body structures or tissue (disorder),false,,,http://purl.bioontology.org/ontology/SNOMEDCT/123946008|http://purl.bioontology.org/ontology/SNOMEDCT/128139000,,,,,,,
http://purl.bioontology.org/ontology/SNOMEDCT/75934005,Metabolic disease,,"MD - Metabolic disorders|Metabolic disease (disorder)|Metabolic disorder|Metabolic disorder, NOS|Metabolic disease, NOS",false,,,http://purl.bioontology.org/ontology/SNOMEDCT/64572001,46896,,,,,,
http://purl.bioontology.org/ontology/SNOMEDCT/85804007,Congestion,,"Congestion (morphologic abnormality)|Congestion, NOS",false,,,http://purl.bioontology.org/ontology/SNOMEDCT/107666005,46896,,,,,,http://bioportal.bioontology.org/visualize/46896?conceptid=85804007
http://purl.bioontology.org/ontology/SNOMEDCT/55342001,Neoplastic disease,,"NG - Neoplastic growth|New growth|Neoplastic disease, NOS|Neoplastic syndrome, NOS|NG - New growth|Neoplastic disease (disorder)|Neoplastic growth|Neoplasia|Neoplastic syndrome",false,,,http://purl.bioontology.org/ontology/SNOMEDCT/399981008,46896,,,,,,
http://purl.bioontology.org/ontology/SNOMEDCT/46595003,Deposition,,"Deposit, NOS|Deposit|Deposition, NOS|Deposition (morphologic abnormality)",false,,,http://purl.bioontology.org/ontology/SNOMEDCT/107669003,46896,,,,,,
http://purl.bioontology.org/ontology/SNOMEDCT/39011001,Hemosiderosis,,"Haemosiderosis, NOS|Hemosiderosis (disorder)|Haemosiderosis|Hemosiderosis, NOS",false,,,http://purl.bioontology.org/ontology/SNOMEDCT/60737008,46896,,,,,,
http://purl.bioontology.org/ontology/SNOMEDCT/80515008,Large liver,,Large liver (disorder)|Hepatomegaly,false,,,http://purl.bioontology.org/ontology/SNOMEDCT/235856003,,,,,,,
http://purl.bioontology.org/ontology/SNOMEDCT/300325003,Small liver,,Small liver (finding),false,,,http://purl.bioontology.org/ontology/SNOMEDCT/366253000,46896,,,,,,
http://purl.bioontology.org/ontology/SNOMEDCT/284346004,Injury of body cavity structure,,Injury of body cavity structure (disorder),false,,,http://purl.bioontology.org/ontology/SNOMEDCT/399902003|http://purl.bioontology.org/ontology/SNOMEDCT/417746004|http://purl.bioontology.org/ontology/SNOMEDCT/123397009,,,,,,,
http://purl.bioontology.org/ontology/SNOMEDCT/29094004,Disorder of porphyrin metabolism,,"Disorder of porphyrin and heme metabolism|Disorder of porphyrin metabolism, NOS|Disorder of porphyrin metabolism (disorder)|Disorder of porphyrin and haem metabolism",false,,,http://purl.bioontology.org/ontology/SNOMEDCT/75934005,46896,,,,,,
http://purl.bioontology.org/ontology/SNOMEDCT/84995008,Focal degeneration,,Focal degeneration (morphologic abnormality),false,,,http://purl.bioontology.org/ontology/SNOMEDCT/33359002,46896,,,,,,http://bioportal.bioontology.org/visualize/46896?conceptid=84995008
http://purl.bioontology.org/ontology/SNOMEDCT/60737008,Iron overload,,"Iron overload (disorder)|Increased storage iron|Iron excess|Iron overload, NOS",false,,,http://purl.bioontology.org/ontology/SNOMEDCT/238145001|http://purl.bioontology.org/ontology/SNOMEDCT/30913008,46896,,,,,,
