drug_name,dili_label,severity,injury_type,evidence_count,clinical_liver_risk_score
1-naphthylisothiocyanate,1.0,,,,
2-acetylaminofluorene,1.0,,,,
4-aminosalicylic acid,1.0,,,,
abacavir,1.0,,C,1,
abacavir sulfate,,8.0,,,8.0
abaloparatide,,0.0,,,0.0
abatacept,1.0,0.0,C,2,0.0
abciximab,0.0,0.0,,,0.0
abemaciclib,,3.0,E*,3,3.0
abiraterone,1.0,,C,4,
abiraterone acetate,,8.0,,,8.0
abrocitinib,,,E,5,
acalabrutinib,,4.0,D,6,4.0
acamprosate,1.0,,E,7,
acamprosate calcium,,3.0,,,3.0
acarbose,1.0,8.0,B,8,8.0
acebutolol,1.0,,C,9,
acebutolol hydrochloride,,3.0,,,3.0
aceclofenac,1.0,0.0,,,0.0
acemetacin,1.0,,,,
acenocoumarol,1.0,,,,
acetaminophen,1.0,5.0,A [HD],10,5.0
acetarsol,1.0,,,,
acetazolamide,1.0,8.0,D,11,8.0
acetohexamide,1.0,,B,12,
acetohydroxamic acid,,3.0,,,3.0
acetorphan,1.0,,,,
acetylcholine chloride,0.0,0.0,,,0.0
acetylcysteine,0.0,0.0,E,13,0.0
aciclovir,1.0,,,,
acitretin,1.0,5.0,B,14,5.0
aclidinium,,,E,15,
acoramidis,,,E,16,
acrivastine,0.0,,E,17,
acyclovir,,5.0,D,18,5.0
adagrasib,,,D,19,
adalimumab,1.0,7.0,B,20,7.0
adefovir,1.0,,E,21,
adefovir dipivoxil,,2.0,,,2.0
adenosine,0.0,0.0,,,0.0
aducanumab,,,E,22,
afamelanotide,,,E,23,
afatinib,,,D,24,
afatinib dimaleate,,8.0,,,8.0
aflatoxin b1,1.0,,,,
aflibercept,,,E,25,
agalsidase beta,0.0,0.0,E,26,0.0
alaproclate,1.0,8.0,,,8.0
alatrofloxacin,1.0,,,,
alatrofloxacin mesylate,1.0,8.0,,,8.0
albendazole,1.0,7.0,B,27,7.0
albiglutide,,,E,28,
albuterol,,0.0,E,29,0.0
alclofenac,1.0,8.0,,,8.0
aldesleukin,,3.0,C[HD],30,3.0
alectinib,,,D,31,
alectinib hydrochloride,,4.0,,,4.0
alefacept,,,E*,32,
alemtuzumab,0.0,0.0,C,33,0.0
alendronate,1.0,,C,34,
alendronate sodium,,0.0,,,0.0
alfacalcidol,1.0,,,,
alfentanil,0.0,,E,35,
alfentanil hydrochloride,,0.0,,,0.0
alfuzosin,1.0,,C,36,
alfuzosin hydrochloride,,5.0,,,5.0
alglucerase,,,E,37,
alglucosidase alfa,0.0,0.0,E,38,0.0
alimemazine,1.0,,,,
alirocumab,,,E,39,
aliskiren,1.0,,C,40,
aliskiren hemifumarate,,0.0,,,0.0
allopurinol,1.0,8.0,A,41,8.0
alloxan,0.0,,,,
allyl alcohol,1.0,,,,
allyl formate,1.0,,,,
almotriptan,0.0,,E,42,
almotriptan malate,,0.0,,,0.0
aloe vera,,,B,43,
alogliptin,,,E*,44,
alogliptin benzoate,,8.0,,,8.0
alosetron,1.0,,D,45,
alosetron hydrochloride,,4.0,,,4.0
alpelisib,,3.0,E*,46,3.0
alpha linolenic acid,,,E,47,
alpha lipoic acid,,,E,48,
alpha tocopherol,,,E,49,
alpha-1 proteinase,,,E,50,
alpidem,1.0,8.0,,,8.0
alprazolam,1.0,7.0,D,51,7.0
alteplase,0.0,0.0,,,0.0
altretamine,0.0,2.0,E*,52,2.0
alvimopan,0.0,0.0,,,0.0
amantadine,0.0,,E,53,
amantadine hydrochloride,,3.0,,,3.0
ambenonium,0.0,,E,54,
ambenonium chloride,,0.0,,,0.0
ambrisentan,0.0,7.0,E,55,7.0
ambroxol,1.0,,,,
amifampridine,,0.0,E,56,0.0
amifampridine phosphate,,3.0,,,3.0
amifostine,0.0,0.0,X,57,0.0
amikacin,0.0,,E,58,
amikacin sulfate,,0.0,,,0.0
amiloride,1.0,,D,59,
amiloride hydrochloride,,3.0,,,3.0
amineptine,1.0,8.0,,,8.0
aminocaproic acid,0.0,0.0,X,60,0.0
aminoglutethimide,0.0,,X,61,
aminohippurate,0.0,,,,
aminohippurate sodium,,0.0,,,0.0
aminolevulinic acid,1.0,,,,
aminophylline,0.0,0.0,E,62,0.0
aminosalicylic acid,,5.0,A,63,5.0
amiodarone,1.0,,A,64,
amiodarone hydrochloride,,8.0,,,8.0
amisulpride,1.0,3.0,E,65,3.0
amitriptyline,1.0,,B,66,
amitriptyline hydrochloride,,5.0,,,5.0
amivantamab,,,E,67,
amlodipine,1.0,,C,68,
amlodipine besylate,,5.0,,,5.0
ammonium chloride,0.0,0.0,,,0.0
amobarbital,0.0,,E,69,
amodiaquine,1.0,,A,70,
amoxapine,0.0,3.0,E,71,3.0
amoxicillin,1.0,5.0,B,72,5.0
amphetamine,1.0,,,,
amphetamine sulfate,,0.0,,,0.0
amphetamines,,,A [HD],73,
amphotericin b,1.0,3.0,,,3.0
amphotericin-b,,,C,74,
ampicillin,1.0,,C,75,
ampicillin sodium,,3.0,,,3.0
ampiroxicam,1.0,,,,
amprenavir,,3.0,D,76,3.0
amsacrine,1.0,,,,
anagrelide,,,E*,77,
anagrelide hydrochloride,,3.0,,,3.0
anakinra,1.0,0.0,C,78,0.0
anastrozole,1.0,3.0,C,79,3.0
androgenic steroids,,,A,80,
androgenic steroids*,1.0,,,,
androstanolone,1.0,,,,
androstenedione,,,A,81,
anethole,1.0,,,,
angiotensin ii acetate,,0.0,,,0.0
anidulafungin,0.0,7.0,D,82,7.0
anifrolumab,,,E,83,
anileridine,0.0,,,,
antithymocyte globulin,,3.0,E*,84,3.0
antithymocyte immunoglobulin,1.0,,,,
apalutamide,,0.0,E,85,0.0
apixaban,,4.0,B,86,4.0
aplaviroc,1.0,8.0,,,8.0
apoaequorin,,,E,87,
apomorphine,0.0,,E,88,
apomorphine hydrochloride,,0.0,,,0.0
apremilast,,0.0,E,89,0.0
aprepitant,,3.0,E,90,3.0
aprocitentan,,,,91,
aprotinin,,7.0,,,7.0
arbekacin,1.0,,,,
argatroban,0.0,0.0,,,0.0
arginine hydrochloride,,0.0,,,0.0
argipressin,0.0,0.0,,,0.0
arimoclomol citrate,,,,92,
aripiprazole,0.0,5.0,D,93,5.0
aripiprazole lauroxil,,5.0,,,5.0
armodafinil,,3.0,E,94,3.0
arnica montana,,,E,95,
arsenic,,,A [HD],96,
arsenic trioxide,,3.0,,,3.0
artecaine,,,E,97,
artemether,0.0,,,,
artemisinin,1.0,,D,98,
artesunate,1.0,5.0,E,99,5.0
asciminib,,,E*,100,
asciminib hydrochloride,,4.0,,,4.0
ascorbic acid,,,E,101,
asenapine,,,D,102,
ashwagandha,,,B,103,
asparaginase,1.0,7.0,A,104,7.0
asparaginase erwinia,,,E*,105,
aspirin,1.0,0.0,A [HD],106,0.0
astemizole,0.0,,,,
astralgus,,,E,107,
asunaprevir,,,C,108,
atazanavir,1.0,,D,109,
atazanavir sulfate,,3.0,,,3.0
atenolol,1.0,4.0,D,110,4.0
atezolizumab,,,B,111,
atogepant,,3.0,X,112,3.0
atoltivimab,,,E,113,
atomoxetine,1.0,,C,114,
atomoxetine hydrochloride,,8.0,,,8.0
atorvastatin,1.0,,A,115,
atorvastatin calcium,,5.0,,,5.0
atovaquone,0.0,8.0,D,116,8.0
atractyloside,1.0,,,,
atracurium,0.0,0.0,,,0.0
atropine,0.0,0.0,E,117,0.0
attapulgite,,,E,118,
auranofin,1.0,3.0,E,119,3.0
aurothioglucose,1.0,,,,
aurothiomalate,,,A,120,
avacincaptad pegol,,,E,121,
avacopan,,8.0,C,122,8.0
avalglucosidase alfa,,,X,123,
avanafil,,0.0,E*,124,0.0
avapritinib,,4.0,E*,125,4.0
avatrombopag,,,E*,126,
avatrombopag maleate,,0.0,,,0.0
avelumab,,,B,127,
avibactam,,,E,128,
axatilimab,,,E,129,
axitinib,1.0,3.0,E*,130,3.0
azacitidine,0.0,8.0,E*,131,8.0
azatadine,1.0,,,,
azathioprine,1.0,5.0,A,132,5.0
azelnidipine,1.0,,,,
azilsartan,,,E*,133,
azilsartan kamedoxomil,,0.0,,,0.0
azithromycin,1.0,7.0,A,134,7.0
azlocillin,0.0,,,,
aztreonam,0.0,5.0,E*,135,5.0
ba jiao lian,,,B,136,
bacampicillin,1.0,,,,
bacitracin,0.0,0.0,,,0.0
baclofen,1.0,3.0,D,137,3.0
bacopa,,,E,138,
baloxavir,,,E,139,
baloxavir marboxil,,0.0,,,0.0
balsalazide,,,C,140,
balsalazide disodium,,8.0,,,8.0
bambuterol,0.0,,,,
bamlanivimab,,,E,141,
baricitinib,,3.0,E*,142,3.0
basiliximab,0.0,0.0,E,143,0.0
bazedoxifene,,,E*,144,
beclomethasone,0.0,,,,
bedaquiline,,,E*,145,
bedaquiline fumarate,,3.0,,,3.0
bee pollen,,,E,146,
beeswax,,,E,147,
belantamab-mafodotin,,,D,148,
belimumab,,,E,149,
belinostat,,8.0,D,150,8.0
belladonna,,,E,151,
belumosudil mesylate,,3.0,E,152,3.0
belzutifan,,3.0,E,153,3.0
bempedoic acid,,3.0,E,154,3.0
benazepril,1.0,,D,155,
benazepril hydrochloride,,4.0,,,4.0
bendamustine,0.0,,C,156,
bendamustine hydrochloride,,0.0,,,0.0
bendazac,1.0,8.0,,,8.0
bendazolic acid,1.0,,,,
bendroflumethiazide,1.0,5.0,E*,157,5.0
benidipine,1.0,,,,
benoxaprofen,1.0,8.0,,,8.0
benralizumab,,,E,158,
benzarone,1.0,8.0,B,159,8.0
benzbromarone,1.0,8.0,B,160,8.0
benziodarone,1.0,8.0,,,8.0
benznidazole,,2.0,D,161,2.0
benzonatate,1.0,0.0,,,0.0
benzphetamine,0.0,,A [HD],162,
benzphetamine hydrochloride,,0.0,,,0.0
benztropine,0.0,,E,163,
benztropine mesylate,,0.0,,,0.0
benzylpenicilloyl polylysine,0.0,0.0,,,0.0
bepridil,1.0,,,,
beraprost,1.0,,,,
berberine,,,E,164,
berotralstat,,,E*,165,
berotralstat hydrochloride,,3.0,,,3.0
beta carotene,,,E,166,
betahistine,1.0,,,,
betaine,0.0,0.0,E,167,0.0
betamethasone,,,A [HD],168,
betaxolol,0.0,,E,169,
betaxolol hydrochloride,,3.0,,,3.0
bethanechol,0.0,,E,170,
bethanechol chloride,,0.0,,,0.0
betrixaban,,0.0,E*,171,0.0
betrixaban,,0.0,E*,172,0.0
bevacizumab,0.0,0.0,E,173,0.0
bexagliflozin,,,E,174,
bexarotene,1.0,8.0,D,175,8.0
bezafibrate,0.0,,,,
bezlotoxumab,,,E,176,
bicalutamide,1.0,8.0,B,177,8.0
bictegravir,,,E*,178,
bilberry,,,E,179,
bimekizumab,,,,180,
binimetinib,,3.0,E*,181,3.0
biotin,,,E,182,
biperiden,0.0,,E,183,
biperiden hydrochloride,,0.0,,,0.0
bisacodyl,0.0,0.0,E,184,0.0
bismuth,,,E,185,
bismuth subsalicylate,0.0,,,,
bisoprolol,0.0,,E,186,
bisoprolol fumarate,,3.0,,,3.0
bithionol,1.0,,,,
bitolterol,0.0,,E,187,
bitter melon,,,E,188,
bivalirudin,0.0,0.0,X,189,0.0
black cohosh,,,A,190,
black cumin seed,,,E,191,
bleomycin,0.0,,D,192,
bleomycin sulfate,,3.0,,,3.0
blinatumomab,,,E*,193,
boceprevir,1.0,,B,194,
bortezomib,1.0,7.0,C,195,7.0
bosentan,1.0,7.0,C,196,7.0
bosutinib,,,D,197,
bosutinib monohydrate,,4.0,,,4.0
boswellia serrata,,,E,198,
botulinum toxin type a,0.0,0.0,,,0.0
botulinum toxin type b,0.0,0.0,,,0.0
bremelanotide,,,D,199,
bremelanotide acetate,,4.0,,,4.0
brentuximab vedotin,,,B,200,
brexanolone,,0.0,E,201,0.0
brexpiprazole,,0.0,E,202,0.0
brigatinib,,3.0,E*,203,3.0
brilliant blue g,,0.0,,,0.0
brincidofovir,,,D,204,
brivaracetam,,0.0,E,205,0.0
brodalumab,,,E,206,
brolucizumab,,,E,207,
bromazepam,1.0,,,,
bromelain,,,E,208,
bromfenac,1.0,,,,
bromfenac sodium,,8.0,,,8.0
bromhexine,1.0,,,,
bromisoval,1.0,,,,
bromobenzene,1.0,,,,
bromocriptine,1.0,,D,209,
bromocriptine mesylate,,3.0,,,3.0
brompheniramine,0.0,,E,210,
brompheniramine maleate,,0.0,,,0.0
brotizolam,1.0,,,,
buchu,,,D,211,
bucillamine,1.0,,,,
budesonide,0.0,0.0,E,212,0.0
buflomedil,1.0,,,,
bumetanide,0.0,3.0,E,213,3.0
bupivacaine,1.0,,C,214,
buprenorphine,1.0,,B[HD],215,
bupropion,1.0,,C,216,
bupropion hydrochloride,,5.0,,,5.0
burosumab,,,E,217,
buspirone,0.0,,E,218,
buspirone hydrochloride,,3.0,,,3.0
busulfan,1.0,8.0,A,219,8.0
butabarbital,,,E,220,
butabarbital sodium,,3.0,,,3.0
butalbital,0.0,,E,221,
butobarbital,0.0,,,,
butoconazole,0.0,,,,
butorphanol,0.0,,E,222,
butorphanol tartrate,,0.0,,,0.0
butterbur,,,C,223,
c1 esterase inh (plasma),,,E,224,
c1 esterase inh (recombinant),,,E,225,
cabazitaxel,1.0,4.0,E*,226,4.0
cabergoline,0.0,0.0,X,227,0.0
cabotegravir,,,E*,228,
cabotegravir sodium,,3.0,,,3.0
cabozantinib,,,E*,229,
cabozantinib s-malate,,4.0,,,4.0
cadmium,,,E,230,
caffeine,0.0,,E,231,
caffeine citrate,,0.0,,,0.0
calaspargase pegol,,,A,232,
calcitonin,,,E,233,
calcitonin salmon,0.0,0.0,,,0.0
calcitriol,0.0,0.0,E,234,0.0
calcium acetate,0.0,0.0,,,0.0
calcium carbimide,1.0,,,,
canagliflozin,,0.0,E,235,0.0
canakinumab,1.0,3.0,E*,236,3.0
candesartan,1.0,,C,237,
candesartan cilexetil,,3.0,,,3.0
cangrelor,,0.0,E,238,0.0
cannabidiol,,3.0,E*,239,3.0
capecitabine,0.0,2.0,E*,240,2.0
capivasertinib,,,,241,
caplacizumab,,,E,242,
capmatinib,,,E*,243,
capmatinib hydrochloride,,3.0,,,3.0
capreomycin,0.0,,E,244,
capreomycin sulfate,,3.0,,,3.0
capsaicin,0.0,,,,
captopril,1.0,7.0,B,245,7.0
caramiphen,,,E,246,
carbamazepine,1.0,7.0,A,247,7.0
carbenicillin,1.0,,D,248,
carbenicillin disodium,,3.0,,,3.0
carbidopa,0.0,3.0,E,249,3.0
carbimazole,1.0,,,,
carbinoxamine,0.0,,E,250,
carbinoxamine maleate,,0.0,,,0.0
carbon tetrachloride,1.0,,,,
carboplatin,1.0,3.0,D,251,3.0
carboprost tromethamine,0.0,0.0,,,0.0
carfilzomib,,8.0,D,252,8.0
carglumic acid,,0.0,E,253,0.0
cariprazine,,,E*,254,
cariprazine hydrochloride,,3.0,,,3.0
carisoprodol,0.0,0.0,E,255,0.0
carmustine,0.0,,E*,256,
carvedilol,1.0,3.0,D,257,3.0
casanthranol,,,X,258,
cascara,,,D,259,
casimersen,,0.0,E,260,0.0
casirivimab,,,E,261,
caspofungin,0.0,,D,262,
caspofungin acetate,,7.0,,,7.0
castor oil,,,E,263,
cat's claw,,,E,264,
cbd oil,,,C[HD],265,
cedazuridine,,,E*,266,
cefaclor,1.0,3.0,C,267,3.0
cefadroxil,1.0,,D,268,
cefadroxil hemihydrate,,7.0,,,7.0
cefalotin,1.0,,,,
cefamandole,1.0,,,,
cefazolin,1.0,,B,269,
cefazolin sodium,,3.0,,,3.0
cefcapene,1.0,,,,
cefdinir,1.0,7.0,D,270,7.0
cefditoren,0.0,,E*,271,
cefditoren pivoxil,,2.0,,,2.0
cefepime,1.0,,D,272,
cefepime hydrochloride,,3.0,,,3.0
cefiderocol,,,E*,273,
cefiderocol sulfate tosylate,,2.0,,,2.0
cefixime,0.0,4.0,C,274,4.0
cefmetazole,1.0,,,,
cefoperazone,1.0,,D,275,
cefoperazone sodium,,3.0,,,3.0
cefotaxime,1.0,,D,276,
cefotaxime sodium,,5.0,,,5.0
cefotetan disodium,,3.0,,,3.0
cefotiam,1.0,,,,
cefoxitin,0.0,,E*,277,
cefoxitin sodium,,3.0,,,3.0
cefozopran,1.0,,,,
cefpirome,1.0,,,,
cefpodoxime,0.0,,D,278,
cefpodoxime proxetil,,3.0,,,3.0
cefprozil,1.0,4.0,D,279,4.0
ceftaroline,,,E*,280,
ceftaroline fosamil,,3.0,,,3.0
ceftazidime,1.0,3.0,D,281,3.0
ceftibiprole medocairil,,,,282,
ceftibuten,0.0,,D,283,
ceftibuten dihydrate,,3.0,,,3.0
ceftizoxime,0.0,,E*,284,
ceftizoxime sodium,,4.0,,,4.0
ceftolozane,,,E*,285,
ceftriaxone,1.0,,B,286,
ceftriaxone sodium,,4.0,,,4.0
cefuroxime,1.0,,C,287,
cefuroxime sodium,,5.0,,,5.0
celandine,,,B,288,
celecoxib,1.0,3.0,B,289,3.0
celiprolol,1.0,,,,
cemiplimab,,,C,290,
cenobamate,,3.0,D,291,3.0
centella,,,C,292,
cephalexin,1.0,4.0,B,293,4.0
cephapirin,0.0,,,,
cephradine,0.0,4.0,E*,294,4.0
ceritinib,,4.0,D,295,4.0
cerivastatin,1.0,,,,
certolizumab,,,E*,296,
certolizumab pegol,0.0,4.0,,,4.0
cetirizine,1.0,,C,297,
cetirizine hydrochloride,,3.0,,,3.0
cetrorelix acetate,,3.0,,,3.0
cetuximab,0.0,0.0,E,298,0.0
cevimeline,,,E,299,
cevimeline hydrochloride,,3.0,,,3.0
chamomile,,,E,300,
chaparral,,,B,301,
chaste tree,,,E,302,
chenodiol,,8.0,E*,303,8.0
chi r yun,,,C,304,
chloral hydrate,0.0,,E,305,
chlorambucil,1.0,3.0,D,306,3.0
chloramphenicol,0.0,0.0,B,307,0.0
chlorcyclizine,1.0,,E,308,
chlorcyclizine hydrochloride,,0.0,,,0.0
chlordiazepoxide,1.0,,C,309,
chlordiazepoxide hydrochloride,,5.0,,,5.0
chlormadinone,1.0,,,,
chlormezanone,1.0,8.0,,,8.0
chloroquine,1.0,,D,310,
chloroquine phosphate,,3.0,,,3.0
chlorothiazide,1.0,2.0,D,311,2.0
chlorpheniramine,0.0,,E,312,
chlorpheniramine maleate,,0.0,,,0.0
chlorpromazine,1.0,,A,313,
chlorpromazine hydrochloride,,2.0,,,2.0
chlorpropamide,1.0,2.0,B,314,2.0
chlortetracycline,0.0,,E*,315,
chlorthalidone,0.0,2.0,E*,316,2.0
chlorzoxazone,1.0,8.0,B,317,8.0
cholestyramine,0.0,3.0,E,318,3.0
cholic acid,,3.0,D[HD],319,3.0
choline,,,E,320,
choline c-11,,0.0,,,0.0
chondroitin sulfate,,,D,321,
choriogonadotropin alfa,,3.0,,,3.0
chorionic gonadotrophin,,,E,322,
chromium,,,B[HD],323,
cibenzoline,1.0,,,,
ciclopirox,0.0,,,,
cidofovir,0.0,5.0,E,324,5.0
ciglitazone,1.0,,,,
cilastatin,0.0,,E,325,
cilazapril,1.0,,,,
cilnidipine,1.0,,,,
cilostazol,,5.0,E,326,5.0
cimetidine,1.0,2.0,B,327,2.0
cinacalcet,0.0,,,,
cinacalcet hydrochloride,,0.0,,,0.0
cinchophen,1.0,8.0,,,8.0
cinitapride,1.0,,,,
cipaglucosidase,,,,328,
ciprofibrate,1.0,,,,
ciprofloxacin,1.0,,A,329,
ciprofloxacin hydrochloride,,7.0,,,7.0
cisapride,0.0,,E,330,
cisatracurium besylate,0.0,0.0,,,0.0
cisplatin,1.0,3.0,C,331,3.0
citalopram,1.0,,C,332,
citalopram hydrobromide,,7.0,,,7.0
citicoline,0.0,,,,
cladribine,0.0,3.0,E,333,3.0
clarithromycin,1.0,8.0,B,334,8.0
clavulanate,,,A,335,
clemastine,0.0,,E,336,
clemastine fumarate,,0.0,,,0.0
clevidipine,0.0,0.0,,,0.0
clindamycin,1.0,,B,337,
clindamycin hydrochloride,,3.0,,,3.0
clindamycin phosphate,,3.0,,,3.0
clobazam,1.0,3.0,E,338,3.0
clobetasol,1.0,,,,
clodronic acid,1.0,,,,
clofarabine,,8.0,D,339,8.0
clofazimine,1.0,,E,340,
clofibrate,1.0,3.0,D,341,3.0
clomacran,1.0,8.0,,,8.0
clomacron,1.0,,,,
clometacin,1.0,8.0,,,8.0
clomethiazole,1.0,,,,
clomiphene,1.0,,C,342,
clomiphene citrate,,3.0,,,3.0
clomipramine,1.0,,D,343,
clomipramine hydrochloride,,8.0,,,8.0
clonazepam,1.0,3.0,D,344,3.0
clonidine,0.0,,E,345,
clonidine hydrochloride,,3.0,,,3.0
cloperastine,1.0,,,,
clopidogrel,1.0,,B,346,
clopidogrel bisulfate,,7.0,,,7.0
clorazepate,0.0,,D,347,
clorazepate dipotassium,,3.0,,,3.0
clotiazepam,1.0,,,,
clotrimazole,1.0,3.0,E,348,3.0
cloxacillin,1.0,,B,349,
cloxacillin sodium,,3.0,,,3.0
clozapine,1.0,5.0,A,350,5.0
cobicistat,0.0,5.0,E*,351,5.0
cobimetinib fumarate,,4.0,,,4.0
cobimetnib,,,D,352,
cocaine,1.0,,A [HD],353,
codeine,0.0,,E,354,
codeine sulfate,,0.0,,,0.0
coenzyme q10,,,E,355,
colchicine,0.0,6.0,E,356,6.0
colesevelam,0.0,,E,357,
colesevelam hydrochloride,,3.0,,,3.0
colestipol,0.0,,E,358,
colestipol hydrochloride,,3.0,,,3.0
colistimethate,0.0,,,,
colistimethate sodium,,0.0,,,0.0
comfrey,,,C,359,
concizumab,,,,360,
conivaptan,0.0,,,,
conivaptan hydrochloride,,0.0,,,0.0
copanlisib,,,E*,361,
copanlisib dihydrochloride,,0.0,,,0.0
copper,,,A [HD],362,
copper cu-64 dotatate,,0.0,,,0.0
cordyceps,,,E,363,
corticorelin ovine triflutate,0.0,0.0,,,0.0
corticotropin,0.0,0.0,,,0.0
cortisone,,,E,364,
cortisone acetate,0.0,0.0,,,0.0
cosibelimab,,,,365,
cosyntropin,0.0,0.0,,,0.0
covid-19 drugs,,,E,366,
covid-19 monoclonals,,,E,367,
covid-19 vaccines,,,C,368,
cranberry,,,E,369,
crinecerfont,,,E,370,
crizanlizumab,,,E,371,
crizotinib,1.0,8.0,C,372,8.0
crofelemer,,4.0,E,373,4.0
cromoglicate,1.0,3.0,,,3.0
cromolyn,,,E,374,
crovalimab,,,,375,
cupric chloride,0.0,0.0,,,0.0
curcumin,1.0,,,,
cyamemazine,1.0,,,,
cyanocobalamin,0.0,0.0,E,376,0.0
cyclizine,,,E,377,
cyclobenzaprine,1.0,,E*,378,
cyclobenzaprine hydrochloride,,5.0,,,5.0
cyclofenil,1.0,8.0,,,8.0
cyclophosphamide,1.0,5.0,B,379,5.0
cycloserine,,3.0,E*,380,3.0
cyclosporine,1.0,7.0,C,381,7.0
cyclothiazide,1.0,,,,
cyproheptadine,1.0,,C,382,
cyproheptadine hydrochloride,,7.0,,,7.0
cyproterone,1.0,,B,383,
cysteamine,,,D[HD],384,
cysteamine bitartrate,,3.0,,,3.0
cytarabine,1.0,3.0,C,385,3.0
dabigatran,1.0,,D,386,
dabigatran etexilate mesylate,,0.0,,,0.0
dabrafenib,,,E*,387,
dabrafenib mesylate,,3.0,,,3.0
dacarbazine,1.0,6.0,B,388,6.0
daclatasvir,,,C,389,
daclizumab,,,C,390,
dacomitinib,,4.0,E*,391,4.0
dactinomycin,1.0,8.0,C,392,8.0
dalbavancin,,,E,393,
dalbavancin hydrochloride,,3.0,,,3.0
dalfampridine,,0.0,E*,394,0.0
dalfopristin,,,E*,395,
dalteparin,,,E,396,
dalteparin sodium,1.0,3.0,,,3.0
danazol,1.0,8.0,A,397,8.0
dantrolene,1.0,,A,398,
dantrolene sodium,,8.0,,,8.0
dapagliflozin,,0.0,D,399,0.0
daprodustat,,,E,400,
dapsone,1.0,3.0,A,401,3.0
daptomycin,1.0,5.0,C,402,5.0
daratumumab,,,E,403,
darbepoetin,,,E,404,
darbepoetin alfa,1.0,0.0,,,0.0
daridorexant,,,E,405,
darifenacin,0.0,,E,406,
darifenacin hydrobromide,,0.0,,,0.0
darolutamide,,4.0,E,407,4.0
darunavir,1.0,8.0,C,408,8.0
dasabuvir,,,B,409,
dasatinib,1.0,4.0,D,410,4.0
dasiglucagon hydrochloride,,0.0,,,0.0
daunorubicin,0.0,,E*,411,
daunorubicin hydrochloride,,0.0,,,0.0
decitabine,0.0,4.0,E*,412,4.0
deferasirox,1.0,7.0,C,413,7.0
deferiprone,,3.0,E*,414,3.0
deferoxamine,1.0,,E,415,
deferoxamine mesylate,,0.0,,,0.0
defibrotide,,,E,416,
defibrotide sodium,,0.0,,,0.0
deflazacort,,0.0,,,0.0
degarelix,,,E,417,
degarelix acetate,,3.0,,,3.0
dehydroepiandrosterone,1.0,,E,418,
delafloxacin,,,E*,419,
delafloxacin meglumine,,3.0,,,3.0
delavirdine,0.0,,E*,420,
delavirdine mesylate,,5.0,,,5.0
demecarium bromide,1.0,,,,
demeclocycline,0.0,,E*,421,
demeclocycline hydrochloride,,3.0,,,3.0
denileukin diftitox,,3.0,E*,422,3.0
denosumab,,,E*,423,
deoxycholic acid,,0.0,,,0.0
dermatan,1.0,8.0,,,8.0
deserpidine,,,X,424,
desflurane,1.0,,C,425,
desipramine,0.0,,D,426,
desipramine hydrochloride,,3.0,,,3.0
desirudin,,,E,427,
desloratadine,1.0,3.0,E*,428,3.0
desmopressin acetate,,3.0,,,3.0
desogestrel,1.0,,A,429,
desvenlafaxine,1.0,,E*,430,
desvenlafaxine succinate,,3.0,,,3.0
deucravacitinib,,,E*,431,
deuruxolitinib,,,E*,432,
deuruxolitinib,,,E*,433,
deutetrabenazine,,0.0,E,434,0.0
deutivacaftor,,,,435,
dexamethasone,,3.0,A [HD],436,3.0
dexbrompheniramine,0.0,,E,437,
dexbrompheniramine maleate,,0.0,,,0.0
dexchlorpheniramine,0.0,,E,438,
dexchlorpheniramine maleate,,0.0,,,0.0
dexketoprofen,1.0,,,,
dexlansoprazole,1.0,4.0,C,439,4.0
dexmedetomidine hydrochloride,,4.0,,,4.0
dexmethylphenidate,1.0,,C[HD],440,
dexmethylphenidate hydrochloride,,7.0,,,7.0
dexpanthenol,0.0,0.0,,,0.0
dexrazoxane hydrochloride,,4.0,,,4.0
dextroamphetamine,0.0,,E*,441,
dextroamphetamine sulfate,,0.0,,,0.0
dextromethorphan,0.0,,,,
dextromethorphan polistirex,,0.0,,,0.0
dextrose,0.0,0.0,,,0.0
dextrothyroxine,,,E*,442,
diacerein,1.0,,,,
diacetoxydiphenolisatin,1.0,,,,
diatrizoate,0.0,,,,
diatrizoate sodium,,0.0,,,0.0
diazepam,0.0,4.0,,,4.0
"diazepam, intravenous",,,E,443,
"diazepam, oral",,,D,444,
diazoxide,,3.0,,,3.0
dichloralphenazone,,,E,445,
dichlorphenamide,0.0,0.0,,,0.0
diclofenac,1.0,,A,446,
diclofenac sodium,,8.0,,,8.0
dicloxacillin,1.0,,B,447,
dicloxacillin sodium,,3.0,,,3.0
dicoumarol,1.0,,,,
dicyclomine,0.0,,E,448,
dicyclomine hydrochloride,,0.0,,,0.0
didanosine,1.0,8.0,A,449,8.0
dienestrol,,,A,450,
dienogestrol,,,A,451,
diethylcarbamazine,1.0,,,,
diethylpropion,0.0,,E,452,
diethylpropion hydrochloride,,0.0,,,0.0
difelikefalin acetate,,0.0,E,453,0.0
difenoxin,,,X,454,
diflunisal,1.0,8.0,C,455,8.0
digitoxin,,,E,456,
digoxin,0.0,0.0,E,457,0.0
dihydrocodeine,1.0,,E,458,
dihydroergotamine,0.0,,E,459,
dihydroergotamine mesylate,,0.0,,,0.0
dihydromyricetin,,,E,460,
diltiazem,1.0,,C,461,
diltiazem hydrochloride,,4.0,,,4.0
dimenhydrinate,0.0,0.0,E,462,0.0
dimercaprol,0.0,0.0,E,463,0.0
dimethyl fumarate,,4.0,C,464,4.0
dinutuximab,,,E*,465,
diphenhydramine,0.0,,E,466,
diphenhydramine hydrochloride,,0.0,,,0.0
diphenoxylate,0.0,0.0,E,467,0.0
dipyridamole,,3.0,E*,468,3.0
dirithromycin,1.0,,,,
diroximel fumarate,,4.0,E*,469,4.0
disopyramide,1.0,,B,470,
disopyramide phosphate,,2.0,,,2.0
disulfiram,1.0,8.0,A,471,8.0
divalproex sodium,1.0,8.0,,,8.0
dobutamine,0.0,,,,
dobutamine hydrochloride,,0.0,,,0.0
docetaxel,1.0,3.0,C,472,3.0
docosahexaenoate,,,E,473,
docusate,0.0,,E,474,
dofetilide,0.0,0.0,E,475,0.0
dolasetron,0.0,,E,476,
dolasetron mesylate,,3.0,,,3.0
dolutegravir,,,D,477,
dolutegravir sodium,,8.0,,,8.0
domperidone,1.0,,X,478,
donanemab,,,E,479,
donepezil,1.0,,D,480,
donepezil hydrochloride,,3.0,,,3.0
dopamine,0.0,,,,
dopamine hydrochloride,,0.0,,,0.0
doravirine,,4.0,E*,481,4.0
doripenem,,3.0,E*,482,3.0
dostarlimab,,,C,483,
doxapram,0.0,,,,
doxapram hydrochloride,,0.0,,,0.0
doxazosin,0.0,,E*,484,
doxazosin mesylate,,3.0,,,3.0
doxepin,1.0,,C,485,
doxepin hydrochloride,,4.0,,,4.0
doxercalciferol,,3.0,,,3.0
doxifluridine,1.0,,,,
doxorubicin,1.0,,B,486,
doxorubicin hydrochloride,,3.0,,,3.0
doxycycline,1.0,3.0,B,487,3.0
doxylamine,0.0,,E,488,
doxylamine succinate,,0.0,,,0.0
dragon's blood,,,E,489,
dronabinol,,3.0,E,490,3.0
dronedarone,1.0,,C,491,
dronedarone hydrochloride,,7.0,,,7.0
droperidol,0.0,0.0,X,492,0.0
drospirenone,,,A,493,
drotrecogin,,,E,494,
droxicam,1.0,8.0,,,8.0
droxidopa,1.0,0.0,E,495,0.0
dulaglutide,,,E,496,
duloxetine,1.0,,B,497,
duloxetine hydrochloride,,8.0,,,8.0
dupilumab,,,E,498,
durlobactam,,,,499,
durvalumab,,,B,500,
dutasteride,0.0,0.0,E,501,0.0
duvelisib,,4.0,E*,502,4.0
dydrogesterone,1.0,,A,503,
dyphylline,0.0,0.0,E,504,0.0
ebastine,1.0,,,,
ebrotidine,1.0,8.0,,,8.0
ecallantide,0.0,0.0,,,0.0
echinacea,,,D,505,
econazole,0.0,,,,
eculizumab,0.0,0.0,D,506,0.0
edaravone,1.0,0.0,E,507,0.0
edetate calcium disodium,,3.0,,,3.0
edoxaban,,,D,508,
edoxaban tosylate,,3.0,,,3.0
edrophonium chloride,,0.0,,,0.0
efalizumab,,,D,509,
efavirenz,1.0,7.0,A,510,7.0
efbemalenogratim,,,,511,
efgartigimod alfa/hyalu,,,E,512,
efgartigimod-alfa,,,E,513,
eflapegastrim,,,,514,
eicosapentaenoate,,,E,515,
elacestrant,,,E,516,
elafibranor,,,E*,517,
elagolix,,,E,518,
elagolix sodium,,3.0,,,3.0
elbasvir,,,C,519,
eletriptan,0.0,,E,520,
eletriptan hydrobromide,,3.0,,,3.0
elexacaftor,,,D,521,
eliglustat,,,E,522,
eliglustat tartrate,,0.0,,,0.0
elosulfase alfa,,,E,523,
elotuzimab,,,D,524,
elranatamab,,,,525,
eltrombopag,1.0,,E*,526,
eltrombopag olamine,1.0,4.0,,,4.0
eluxadoline,,3.0,C,527,3.0
elvitegravir,,,E*,528,
emapalumab,,,E,529,
emicizumab,,,E,530,
empagliflozin,,0.0,E,531,0.0
emtricitabine,0.0,2.0,E,532,2.0
enalapril,1.0,,B,533,
enalapril maleate,,7.0,,,7.0
enalaprilat,,7.0,B,534,7.0
enasidenib,,,D,535,
enasidenib mesylate,,4.0,,,4.0
encorafenib,,3.0,E*,536,3.0
energy drinks,,,C[HD],537,
enflurane,1.0,,B,538,
enfortumab vedotin,,,E*,539,
enfuvirtide,0.0,3.0,E,540,3.0
enoxaparin,1.0,,D,541,
enoxaparin sodium,,3.0,,,3.0
ensartinib,,,D,542,
ensifentrine,,,,543,
entacapone,1.0,0.0,D,544,0.0
entecavir,0.0,7.0,E*,545,7.0
entrectinib,,3.0,E*,546,3.0
enzalutamide,,0.0,E,547,0.0
epcoritamab,,,,548,
eperisone,1.0,,,,
ephedra,,,B,549,
ephedrine,0.0,,,,
ephedrine sulfate,,0.0,,,0.0
epinastine,1.0,,,,
epinephrine,0.0,0.0,,,0.0
epirubicin,0.0,,E*,550,
epirubicin hydrochloride,,3.0,,,3.0
eplerenone,0.0,4.0,E*,551,4.0
eplontersen,,,E,552,
epoetin alfa,0.0,0.0,E,553,0.0
epoprostenol,,,E,554,
epoprostenol sodium,,7.0,,,7.0
eprosartan,0.0,,E*,555,
eprosartan mesylate,,3.0,,,3.0
eptifibatide,0.0,0.0,,,0.0
eptinezumab,,,E,556,
eravacycline,,,E*,557,
eravacycline dihydrochloride,,3.0,,,3.0
erdafinitib,,,E*,558,
erdafitinib,,3.0,,,3.0
erenumab,,,E,559,
ergocalciferol,0.0,0.0,,,0.0
ergonovine,0.0,,,,
ergot alkaloids,,,E,560,
ergotamine,0.0,,E,561,
eribulin,,,E*,562,
eribulin mesylate,1.0,4.0,,,4.0
erlotinib,1.0,,B,563,
erlotinib hydrochloride,,8.0,,,8.0
ertapenem,0.0,,E*,564,
ertapenem sodium,,3.0,,,3.0
ertugliflozin,,0.0,E,565,0.0
erythromycin,1.0,,A,566,
erythromycin estolate,,5.0,,,5.0
erythropoietin,0.0,0.0,,,0.0
escallantide,,,E,567,
escitalopram,,,C,568,
escitalopram oxalate,,7.0,,,7.0
esketamine,,,E*,569,
eslicarbazepine,,,D,570,
eslicarbazepine acetate,,3.0,,,3.0
esmolol,0.0,,E,571,
esmolol hydrochloride,,0.0,,,0.0
esomeprazole,,,B,572,
esomeprazole sodium,,4.0,,,4.0
estazolam,0.0,0.0,E,573,0.0
estradiol,1.0,,A,574,
estradiol valerate,,2.0,,,2.0
estramustine,1.0,,E*,575,
estramustine phosphate sodium,,4.0,,,4.0
estriol,1.0,,A,576,
estrogens,,,A,577,
estrogens (bcps),,,A,578,
"estrogens, conjugated",,1.0,,,1.0
estrone,,2.0,A,579,2.0
estropipate,,2.0,A,580,2.0
eszopiclone,0.0,3.0,E,581,3.0
etanercept,1.0,3.0,B,582,3.0
etelcalcetide,,0.0,,,0.0
eteplirsen,,0.0,E,583,0.0
etesevimab,,,E,584,
ethacrynate,0.0,,,,
ethacrynic acid,,5.0,E,585,5.0
ethambutol,1.0,,C,586,
ethambutol hydrochloride,,8.0,,,8.0
ethanol,1.0,,,,
ethanolamine oleate,0.0,0.0,,,0.0
ethinyl estradiol,,,A,587,
ethinylestradiol,1.0,,,,
ethionamide,1.0,3.0,B,588,3.0
ethosuximide,0.0,3.0,E*,589,3.0
ethotoin,,3.0,,,3.0
ethyl loflazepate,1.0,,,,
ethylene glycol,1.0,,,,
ethynodiol,,,A ,590,
ethynodiol diacetate,1.0,,,,
etidronate,,,E*,591,
etidronate disodium,,0.0,,,0.0
etidronic acid,0.0,,,,
etizolam,1.0,,,,
etodolac,1.0,8.0,C,592,8.0
etomidate,0.0,0.0,,,0.0
etonogestrel,,5.0,A ,593,5.0
etoposide,1.0,3.0,C,594,3.0
etoricoxib,1.0,,,,
etrasimod arginine,,,,595,
etravirine,1.0,8.0,D,596,8.0
etretinate,1.0,,B,597,
eugenol (clove oil),,,C[HD],598,
everolimus,0.0,4.0,E*,599,4.0
evinacumab,,,E,600,
evolocumab,,,E,601,
exametazime,0.0,,,,
exemestane,1.0,4.0,C,602,4.0
exenatide,0.0,,E,603,
exenatide synthetic,,0.0,,,0.0
exifone,1.0,8.0,,,8.0
ezetimibe,1.0,3.0,C,604,3.0
ezogabine,,,E,605,
falnidamol,1.0,8.0,,,8.0
famciclovir,0.0,3.0,E,606,3.0
famotidine,1.0,3.0,C,607,3.0
faricimab,,,E,608,
febuxostat,1.0,8.0,C,609,8.0
fedratinib,,,D,610,
fedratinib hydrochloride,,3.0,,,3.0
felbamate,1.0,7.0,B,611,7.0
felodipine,1.0,3.0,E,612,3.0
fenclozic acid,1.0,8.0,,,8.0
fenofibrate,1.0,3.0,B,613,3.0
fenofibric acid,,2.0,,,2.0
fenoldopam,0.0,,,,
fenoldopam mesylate,,0.0,,,0.0
fenoprofen,1.0,,D,614,
fenoprofen calcium,,8.0,,,8.0
fenoterol,1.0,,,,
fentanyl,0.0,,E,615,
fenugreek,,,E,616,
ferric maltol,,0.0,,,0.0
ferrous sulfate,,,A [HD],617,
ferumoxides,0.0,0.0,,,0.0
ferumoxsil,0.0,0.0,,,0.0
ferumoxytol,0.0,0.0,,,0.0
fesoterodine,0.0,,E,618,
fesoterodine fumarate,,0.0,,,0.0
fexinidazole,,3.0,E*,619,3.0
fexofenadine,0.0,,E,620,
fexofenadine hydrochloride,,0.0,,,0.0
fezolinetant,,,D,621,
fialuridine,1.0,8.0,,,8.0
fidaxomicin,,3.0,E,622,3.0
fiduxosin,1.0,8.0,,,8.0
filgrastim,,1.0,E,623,1.0
finasteride,1.0,0.0,E,624,0.0
finerenone,,0.0,E,625,0.0
fingolimod,,,C,626,
fingolimod hydrochloride,,8.0,,,8.0
fipexide,1.0,8.0,,,8.0
fish oil,,,E,627,
fish oil triglycerides,,,E,628,
fitusiran,,,D,629,
flavocoxid,,,C,630,
flavoxate,0.0,,E,631,
flavoxate hydrochloride,,0.0,,,0.0
flecainide,1.0,,C,632,
flecainide acetate,,7.0,,,7.0
flibanserin,,0.0,E*,633,0.0
flomoxef,1.0,,,,
florbetaben f-18,,0.0,,,0.0
florbetapir f-18,,0.0,,,0.0
flortaucipir f-18,,0.0,,,0.0
floxuridine,1.0,,A,634,
fluciclovine f-18,,0.0,,,0.0
flucloxacillin,1.0,,,,
fluconazole,1.0,8.0,B,635,8.0
flucoxacillin,,,A,636,
flucytosine,0.0,3.0,D,637,3.0
fludarabine,0.0,,E*,638,
fludarabine phosphate,,0.0,,,0.0
fludrocortisone,0.0,,E,639,
fludrocortisone acetate,,0.0,,,0.0
fluindione,1.0,,,,
flumazenil,0.0,0.0,,,0.0
flunitrazepam,1.0,,,,
fluorescein,0.0,,,,
fluorescein sodium,,0.0,,,0.0
fluoride,,,E,640,
fluorodopa f-18,,0.0,,,0.0
fluoroestradiol f-18,,0.0,,,0.0
fluorouracil,1.0,0.0,A,641,0.0
fluoxetine,1.0,,C,642,
fluoxetine hydrochloride,,3.0,,,3.0
fluoxymesterone,,8.0,A,643,8.0
flupentixol,1.0,,,,
fluphenazine,0.0,,C,644,
fluphenazine hydrochloride,,3.0,,,3.0
flupirtine,1.0,,,,
flurazepam,1.0,,D,645,
flurazepam hydrochloride,,4.0,,,4.0
flurbiprofen,,,C,646,
flurbiprofen sodium,,3.0,,,3.0
fluspirilene,1.0,,,,
flutamide,1.0,8.0,A,647,8.0
flutemetamol f-18,,0.0,,,0.0
fluvastatin,1.0,,B,648,
fluvastatin sodium,,3.0,,,3.0
fluvoxamine,0.0,,D,649,
fluvoxamine maleate,,3.0,,,3.0
folic acid,0.0,0.0,E,650,0.0
follicle stimulating hormone,,,E,651,
follitropin alfa/beta,,3.0,,,3.0
fomepizole,,3.0,,,3.0
fominoben,1.0,,,,
fomivirsen,,,X,652,
fondaparinux,,,E,653,
fondaparinux sodium,1.0,3.0,,,3.0
formoterol,0.0,,E,654,
fosamprenavir,,,D,655,
fosamprenavir calcium,,3.0,,,3.0
fosaprepitant,,,E,656,
fosaprepitant dimeglumine,,3.0,,,3.0
foscarnet,0.0,,D,657,
foscarnet sodium,,3.0,,,3.0
fosdenopterin hydrobromide,,0.0,,,0.0
fosfluconazole,1.0,,,,
fosfomycin,1.0,,D,658,
fosfomycin tromethamine,,6.0,,,6.0
fosinopril,1.0,,D,659,
fosinopril sodium,,3.0,,,3.0
fosnetupitant,,,E,660,
fosphenytoin,1.0,,A,661,
fosphenytoin sodium,,8.0,,,8.0
fospropofol,1.0,,D,662,
fospropofol disodium,,0.0,,,0.0
fostamatinib,,,E*,663,
fostamatinib disodium,,3.0,,,3.0
fostemsavir,,,E*,664,
fostemsavir tromethamine,,3.0,,,3.0
fremanezumab,,,E,665,
frovatriptan,0.0,,E,666,
frovatriptan succinate,,0.0,,,0.0
fruquintinib,,,E*,667,
fudosteine,1.0,,,,
fulvestrant,,7.0,E*,668,7.0
furazolidone,1.0,,,,
furosemide,0.0,2.0,E,669,2.0
fusidic acid,1.0,,,,
futibatinib,,,E*,670,
gabapentin,1.0,3.0,C,671,3.0
gabapentin enacarbil,1.0,0.0,E*,672,0.0
gabexate,1.0,,,,
gadobenate dimeglumine,0.0,0.0,,,0.0
gadobutrol,,0.0,,,0.0
gadodiamide,,3.0,,,3.0
gadofosveset trisodium,0.0,0.0,,,0.0
gadolinium ethoxybenzyl dtpa,0.0,,,,
gadopentetate dimeglumine,0.0,0.0,,,0.0
gadoterate meglumine,,0.0,,,0.0
gadoteridol,0.0,0.0,,,0.0
gadoversetamide,0.0,0.0,,,0.0
gadoxetate disodium,,0.0,,,0.0
galantamine,0.0,,E,673,
galantamine hydrobromide,,3.0,,,3.0
galcanezumab,,,E,674,
gallamine triethiodide,0.0,,,,
gallium dotatate ga-68,,0.0,,,0.0
gallium ga-68 edotreotide,,0.0,,,0.0
gallium ga-68 gozetotide,,0.0,,,0.0
gallium nitrate,,3.0,,,3.0
galsulfase,0.0,0.0,E,675,0.0
gamma hydroxybutyric acid,0.0,,,,
ganaxolone,,,,676,
ganciclovir,,,E,677,
ganciclovir sodium,,7.0,,,7.0
ganirelix acetate,0.0,0.0,,,0.0
garcinia,,,B,678,
garenoxacin,1.0,,,,
gefitinib,1.0,4.0,B,679,4.0
gemcitabine,1.0,,C,680,
gemcitabine hydrochloride,,8.0,,,8.0
gemfibrozil,1.0,4.0,C,681,4.0
gemifloxacin,1.0,,D,682,
gemifloxacin mesylate,,3.0,,,3.0
gemtuzumab,1.0,,,,
gemtuzumab ozogamicin,1.0,8.0,A,683,8.0
gentamicin,0.0,,E,684,
gepirone,,,,685,
germander,,,A,686,
giapreza,,,X,687,
gilteritinib,,,E*,688,
gilteritinib fumarate,,3.0,,,3.0
ginger,,,E,689,
gingko,,,E,690,
ginseng,,,E,691,
givinostat,,,,692,
givosiran,,,E*,693,
givosiran sodium,,3.0,,,3.0
glafenine,1.0,8.0,,,8.0
glasdegib,,,E*,694,
glasdegib maleate,,4.0,,,4.0
glatiramer,,,B,695,
glatiramer acetate,,3.0,,,3.0
glecaprevir,,,C,696,
glibenclamide,1.0,,,,
gliclazide,1.0,,D,697,
glimepiride,1.0,7.0,C,698,7.0
glipizide,1.0,3.0,C,699,3.0
glofitamab,,,,700,
glucagon,,,E,701,
glucocerebrosidase,,,E,702,
glucosamine,1.0,,D,703,
glutathione,1.0,,,,
glutethimide,1.0,,,,
glyburide,,3.0,B,704,3.0
glycerol,1.0,,,,
glycopyrrolate,0.0,0.0,E,705,0.0
glycyrrhizin,1.0,,,,
golimumab,,8.0,E*,706,8.0
golodirsen,,0.0,E,707,0.0
goserelin,,,D,708,
goserelin acetate,,3.0,,,3.0
granisetron,0.0,,E,709,
granisetron hydrochloride,,3.0,,,3.0
grape seed,,,E,710,
grazoprevir,,,C,711,
green tea,,,A,712,
griseofulvin,1.0,8.0,C,713,8.0
growth hormone,1.0,,,,
guaifenesin,0.0,0.0,,,0.0
guanabenz,,,X,714,
guanethidine,0.0,,,,
guanethidine monosulfate,,0.0,,,0.0
guanfacine,,,E,715,
guanfacine hydrochloride,,3.0,,,3.0
guanidine hydrochloride,,3.0,,,3.0
guarana,,,E,716,
guselkumab,,,E*,717,
gymnema,,,D,718,
halofantrine,1.0,,,,
haloperidol,1.0,,B,719,
haloperidol decanoate,,3.0,,,3.0
haloperidol lactate,,5.0,,,5.0
halothane,1.0,,A,720,
hawthorn,,,E,721,
heparin,,,E,722,
heparin sodium,,3.0,,,3.0
heptaminol,1.0,,,,
herbalife,,,A,723,
heroin,,,E,724,
hetastarch,0.0,0.0,,,0.0
hexachlorophene,1.0,,,,
histamine diphosphate,0.0,,,,
histamine phosphate,,0.0,,,0.0
histrelin,,,E*,725,
histrelin acetate,,3.0,,,3.0
homatropine,0.0,,E,726,
hoodia,,,E,727,
hops,,,E,728,
horny goat weed,,,E,729,
horse chestnut,,,D,730,
horsetail,,,C,731,
hyaluronidase,0.0,0.0,,,0.0
hyaluronidase recombinant human,0.0,0.0,,,0.0
hycanthone,1.0,,,,
hydralazine,1.0,,A,732,
hydralazine hydrochloride,,3.0,,,3.0
hydrochlorothiazide,1.0,2.0,C,733,2.0
hydrocodone,0.0,,E,734,
hydrocortisone,0.0,,E,735,
hydrocortisone acetate,,0.0,,,0.0
hydroflumethiazide,,2.0,E,736,2.0
hydromorphone,0.0,,E,737,
hydromorphone hydrochloride,,3.0,,,3.0
hydroxocobalamin,,3.0,,,3.0
hydroxychloroquine,1.0,,C,738,
hydroxychloroquine sulfate,,7.0,,,7.0
hydroxycut,,,B,739,
hydroxyprogesterone,,,A,740,
hydroxyprogesterone caproate,,2.0,,,2.0
hydroxyurea,1.0,8.0,C,741,8.0
hydroxyzine,,,E,742,
hydroxyzine hydrochloride,,0.0,,,0.0
hyoscyamine,0.0,,E,743,
hypericin,1.0,,,,
hyssop,,,E,744,
ibalizumab,,,E,745,
ibandronate,0.0,,D,746,
ibandronate sodium,,0.0,,,0.0
ibrexafungerp,,,X,747,
ibrexafungerp citrate,,3.0,,,3.0
ibritumomab tiuxetan,0.0,0.0,,,0.0
ibrutinib,,7.0,D,748,7.0
ibudilast,1.0,,,,
ibufenac,1.0,8.0,,,8.0
ibuprofen,1.0,3.0,A,749,3.0
ibutilide,0.0,,,,
ibutilide fumarate,,0.0,,,0.0
icatibant,,,E,750,
icatibant acetate,,3.0,,,3.0
idarubicin,0.0,,E*,751,
idarubicin hydrochloride,,3.0,,,3.0
idelalisib,,8.0,D,752,8.0
idoxuridine,1.0,,,,
idursulfase,0.0,0.0,E,753,0.0
ifosfamide,1.0,4.0,D,754,4.0
iloperidone,,2.0,E,755,2.0
iloprost,1.0,,E,756,
imatinib,1.0,,B,757,
imatinib mesylate,,8.0,,,8.0
imdevimab,,,E,758,
imetelstat,,,E,759,
imiglucerase,0.0,0.0,E,760,0.0
imipenem,1.0,,D,761,
imipramine,1.0,,B,762,
imipramine hydrochloride,,3.0,,,3.0
inamrinone lactate,,5.0,,,5.0
inavolisib,,,E*,763,
inclisiran,,,E,764,
inclisiran sodium,,4.0,,,4.0
indacrinone,1.0,,,,
indapamide,0.0,5.0,D,765,5.0
indinavir,0.0,,C,766,
indinavir sulfate,,8.0,,,8.0
indocyanine green,0.0,0.0,,,0.0
indomethacin,1.0,8.0,C,767,8.0
inebilizumab,,,E,768,
infigratinib,,,E*,769,
infigratinib phosphate,,4.0,,,4.0
infliximab,1.0,8.0,A,770,8.0
ingredient,,,Likelihood Score,Count,
inositol,0.0,,,,
inotersen sodium,,3.0,,,3.0
inotuzumab ozogamicin,,,A,771,
insulin,,,A [HD],772,
interferon alfa,,,A,773,
"interferon alfa-2a, recombinant",1.0,8.0,,,8.0
interferon alfa-2b,1.0,8.0,,,8.0
interferon alfacon-1,1.0,7.0,,,7.0
interferon beta,,,A,774,
interferon beta-1a,1.0,7.0,,,7.0
interferon beta-1b,1.0,7.0,,,7.0
interferon gamma,,,E,775,
interferon gamma-1b,,3.0,,,3.0
interferon unspecified,1.0,,,,
interferon-beta-1a,1.0,,,,
interferon-beta-1b,1.0,,,,
iodine,,,E,776,
iodipamide meglumine,0.0,,,,
iodipamide sodium,,0.0,,,0.0
ioflupane i-123,,0.0,,,0.0
iothalamate meglumine,,0.0,,,0.0
iothalamate sodium,0.0,,,,
ioversol,0.0,0.0,,,0.0
ioxaglate and meglumine,1.0,,,,
ipilimumab,,,A,777,
ipratropium,0.0,,E,778,
iproniazid,1.0,8.0,A,779,8.0
iptacopan,,,,780,
irbesartan,1.0,5.0,C,781,5.0
irinotecan,1.0,,B,782,
irinotecan hydrochloride,,3.0,,,3.0
iron,,,A [HD],783,
irsogladine,1.0,,,,
isatuximab,,,E,784,
isavuconazonium,,,E*,785,
isavuconazonium sulfate,,8.0,,,8.0
isaxonine,1.0,8.0,,,8.0
isaxonine phosphate,1.0,,,,
isepamicin,1.0,,,,
isocarboxazid,,5.0,E*,786,5.0
isoflurane,,,B,787,
isometheptene,,,X,788,
isoniazid,1.0,8.0,A,789,8.0
isoproterenol,0.0,,,,
isoproterenol hydrochloride,,0.0,,,0.0
isosorbide,1.0,,,,
isosorbide dinitrate,0.0,0.0,E,790,0.0
isosorbide mononitrate,,3.0,E,791,3.0
isotretinoin,1.0,5.0,D,792,5.0
isoxicam,0.0,,,,
isoxsuprine,0.0,,,,
isoxsuprine hydrochloride,,0.0,,,0.0
isradipine,1.0,3.0,E,793,3.0
istradefylline,,0.0,E,794,0.0
itopride,1.0,,,,
itraconazole,1.0,8.0,B,795,8.0
ivabradine,,,E,796,
ivabradine hydrochloride,,0.0,,,0.0
ivacaftor,,3.0,D,797,3.0
ivermectin,1.0,3.0,D,798,3.0
ivosidenib,,4.0,E*,799,4.0
ixabepilone,,7.0,E*,800,7.0
ixazomib,,,E*,801,
ixazomib citrate,,5.0,,,5.0
ixekizumab,,,E,802,
jin bu huan,,,,803,
josamycin,1.0,,,,
kanamycin,0.0,0.0,,,0.0
kava,,,A,804,
kelp,,,E,805,
ketamine,1.0,,B,806,
ketamine hydrochloride,,0.0,,,0.0
ketoconazole,1.0,8.0,A,807,8.0
ketoprofen,1.0,3.0,C,808,3.0
ketorolac,1.0,,E*,809,
ketorolac tromethamine,,3.0,,,3.0
ketotifen,0.0,,,,
khat,,,B,810,
kombucha tea,,,C,811,
kratom,,,B,812,
l-arginine,0.0,,,,
l-carnitine,0.0,,,,
l-cysteine,,3.0,,,3.0
l-glutamine,,3.0,E,855,3.0
l-methionine,0.0,,,,
labetalol,1.0,,C,813,
labetalol hydrochloride,,8.0,,,8.0
lacosamide,,3.0,D,814,3.0
lactitol,,0.0,,,0.0
lactose,0.0,,,,
lactulose,0.0,0.0,,,0.0
lafutidine,1.0,,,,
lamivudine,1.0,3.0,E,815,3.0
lamotrigine,1.0,7.0,A,816,7.0
lanadelumab,,,E,817,
landiolol,,,,818,
lanreotide,1.0,,E*,819,
lanreotide acetate,,2.0,,,2.0
lansoprazole,1.0,3.0,C,820,3.0
lanthanum carbonate,0.0,0.0,,,0.0
lapatinib,1.0,,B,821,
lapatinib ditosylate,,8.0,,,8.0
laronidase,,4.0,E,822,4.0
larotrectinib,,,E*,823,
larotrectinib sulfate,,3.0,,,3.0
lasmiditan,,,E,824,
lasmiditan succinate,,0.0,,,0.0
latamoxef,0.0,,,,
lavender,,,E,825,
lazertinib mesylate,,,E*,826,
lead,,,E,827,
lebrikizumab,,,,828,
lecanemab,,,E,829,
ledipasvir,,,A,830,
lefamulin,,,E,831,
lefamulin acetate,,3.0,,,3.0
leflunomide,1.0,8.0,B,832,8.0
lemborexant,,0.0,E,833,0.0
lemon balm,,,E,834,
lenacapavir,,,E,835,
lenalidomide,1.0,3.0,C,836,3.0
leniolisib,,,E,837,
lenvatinib,,,D,838,
lenvatinib mesylate,,7.0,,,7.0
lepirudin,,3.0,X,839,3.0
lercanidipine,1.0,,,,
lesinurad,,,E,840,
letermovir,,0.0,E,841,0.0
letrozole,1.0,2.0,D,842,2.0
leucovorin,0.0,,E,843,
leucovorin calcium,,0.0,,,0.0
leuprolide,1.0,,E,844,
leuprolide acetate,,3.0,,,3.0
levacetylleucine,,,,845,
levamisole,0.0,,E*,846,
levamlodipine maleate,,5.0,,,5.0
levetiracetam,1.0,8.0,C,847,8.0
levocarnitine,,0.0,,,0.0
levocetirizine,1.0,,C,848,
levocetirizine dihydrochloride,1.0,4.0,,,4.0
levodopa,0.0,,E,849,
levofloxacin,1.0,8.0,A,850,8.0
levoleucovorin,0.0,0.0,,,0.0
levomefolate calcium,0.0,0.0,,,0.0
levomepromazine,1.0,,,,
levomilnacipran,,,D,851,
levonorgestrel,0.0,0.0,E,852,0.0
levorphanol,0.0,,E,853,
levorphanol tartrate,,0.0,,,0.0
levothyroxine,1.0,,E,854,
levothyroxine sodium,,3.0,,,3.0
licorice,,,E,856,
lidocaine,0.0,0.0,E,857,0.0
linaclotide,,0.0,E,858,0.0
linagliptin,,0.0,D,859,0.0
lincomycin,,,X,860,
lincomycin hydrochloride,,3.0,,,3.0
lindane,0.0,,,,
linezolid,1.0,3.0,A,861,3.0
lingzhi,,,D,862,
lion's mane,,,E,863,
liothyronine,0.0,,E,864,
liothyronine sodium,,0.0,,,0.0
liraglutide,0.0,4.0,E,865,4.0
lisdexamfetamine,,,A [HD],866,
lisdexamfetamine dimesylate,,3.0,,,3.0
lisinopril,1.0,3.0,B,867,3.0
lithium,,,E,868,
lixisenatide,,,E,869,
lodenosine,1.0,,,,
lofexidine,,,X,870,
lofexidine hydrochloride,,0.0,,,0.0
lomefloxacin,0.0,,,,
lomefloxacin hydrochloride,,4.0,,,4.0
lomitapide,,,C,871,
lomitapide mesylate,,3.0,,,3.0
lomustine,1.0,3.0,D,872,3.0
lonafarnib,,3.0,E*,873,3.0
lonapegsomatrophin,,,X,874,
loncastuximab-tesirine,,,X,875,
loperamide,0.0,,E,876,
loperamide hydrochloride,,0.0,,,0.0
lopinavir,1.0,,D,877,
loracarbef,1.0,3.0,,,3.0
loratadine,0.0,0.0,E*,878,0.0
lorazepam,0.0,3.0,D,879,3.0
lorcaserin,,,E,880,
lorlatinib,,3.0,E*,881,3.0
lormetazepam,1.0,,,,
lornoxicam,1.0,,,,
losartan,1.0,,C,882,
losartan potassium,,4.0,,,4.0
lovastatin,1.0,3.0,B,883,3.0
loxapine,0.0,,D,884,
loxapine succinate,,5.0,,,5.0
loxoprofen,1.0,,,,
lubiprostone,0.0,0.0,E,885,0.0
lumacaftor,,,E*,886,
lumasiran,,,E,887,
lumasiran sodium,,0.0,,,0.0
lumateperone,,,E,888,
lumateperone tosylate,,3.0,,,3.0
lumefantrine,,,D,889,
lumiracoxib,1.0,8.0,,,8.0
lurasidone,,,E,890,
lurasidone hydrochloride,,0.0,,,0.0
lurbinectedin,,3.0,D,891,3.0
luspatercept,,,E*,892,
lusutrombopag,,0.0,E*,893,0.0
luteinizing hormone,,,E,894,
lutetium lu 177 dotatate,,6.0,,,6.0
maca,,,E,895,
macimorelin,,,X,896,
macimorelin acetate,,0.0,,,0.0
macitentan,,7.0,E*,897,7.0
maftivimab,,,E,898,
magnesium,,,E,899,
mahogany seeds,,,C,900,
manganese,,,E,901,
manidipine,1.0,,,,
mannitol,0.0,0.0,,,0.0
maprotiline,,,X,902,
maprotiline hydrochloride,,5.0,,,5.0
maralixibat,,,E*,903,
maralixibat chloride,,4.0,,,4.0
maraviroc,1.0,3.0,D,904,3.0
margetuximab,,,E,905,
margosa oil,,,C,906,
maribavir,,0.0,E,907,0.0
marijuana,,,E,908,
marstacimab,,,,909,
mavacamten,,,,910,
mavarixafor,,,,911,
mazindol,1.0,,,,
mebanazine,1.0,8.0,,,8.0
mebendazole,1.0,3.0,D,912,3.0
mecamylamine,0.0,,X,913,
mecamylamine hydrochloride,,0.0,,,0.0
mecasermin recombinant,,3.0,,,3.0
mechlorethamine,0.0,,E,914,
mechlorethamine hydrochloride,,3.0,,,3.0
meclizine,0.0,,E,915,
meclizine hydrochloride,,0.0,,,0.0
meclofenamate,,,X,916,
meclofenamate sodium,,3.0,,,3.0
medroxyprogesterone,,,A,917,
medroxyprogesterone acetate,,2.0,,,2.0
mefenamic acid,1.0,8.0,D,918,8.0
mefloquine,1.0,,D,919,
mefloquine hydrochloride,,7.0,,,7.0
megestrol,,,A,920,
megestrol acetate,,1.0,,,1.0
melatonin,0.0,,E,921,
meloxicam,1.0,3.0,C,922,3.0
melperone,1.0,,,,
melphalan,1.0,5.0,B[HD],923,5.0
memantine,1.0,,D,924,
memantine hydrochloride,,7.0,,,7.0
menadione,,,E,925,
menatetrenone,1.0,,,,
mepacrine,,,E*,926,
mepazine,1.0,8.0,,,8.0
mepenzolate,0.0,,E,927,
mepenzolate bromide,,0.0,,,0.0
meperidine,0.0,,E,928,
meperidine hydrochloride,,0.0,,,0.0
mephenytoin,,5.0,,,5.0
mepivacaine,0.0,,E,929,
mepivacaine hydrochloride,,0.0,,,0.0
mepolizumab,,,E,930,
meprobamate,0.0,0.0,E*,931,0.0
meptazinol,,,X,932,
mequitazine,1.0,,,,
mercaptopurine,1.0,8.0,A,933,8.0
mercury,,,E,934,
meropenem,1.0,3.0,D,935,3.0
mesalamine,,7.0,C,936,7.0
mesalazine,1.0,,,,
mesna,,3.0,X,937,3.0
mesoridazine besylate,,5.0,,,5.0
mestranol,,,A,938,
metamizole,1.0,,A,939,
metaproterenol,,,E,940,
metaproterenol sulfate,,0.0,,,0.0
metaxalone,1.0,5.0,E,941,5.0
metformin,1.0,,B,942,
metformin hydrochloride,,0.0,,,0.0
methacycline,1.0,,,,
methadone,0.0,,E,943,
methadone hydrochloride,,3.0,,,3.0
methamphetamine,0.0,,A [HD],944,
methamphetamine hydrochloride,,0.0,,,0.0
methandienone,,,A,945,
methapyrilene,1.0,,,,
methazolamide,1.0,7.0,D,946,7.0
methenamine,,,E,947,
methenamine hippurate,,3.0,,,3.0
methenolone,,,A,948,
methicillin,,,X,949,
methimazole,1.0,8.0,A,950,8.0
methionine,,0.0,,,0.0
methocarbamol,0.0,5.0,E,951,5.0
methohexital sodium,,3.0,,,3.0
methotrexate,1.0,,A,952,
methotrexate sodium,,3.0,,,3.0
methoxamine,0.0,,,,
methoxsalen,1.0,3.0,C,953,3.0
methoxyflurane,1.0,,,,
methscopolamine,,,E,954,
methscopolamine bromide,,0.0,,,0.0
methsuximide,0.0,0.0,E*,955,0.0
methyclothiazide,,2.0,E,956,2.0
methyldopa,1.0,8.0,A,957,8.0
methylene dioxymethamphetamine,1.0,,,,
methylergonovine,0.0,,,,
methylergonovine maleate,,0.0,,,0.0
methylnaltrexone bromide,0.0,0.0,,,0.0
methylphenidate,1.0,,C[HD],958,
methylphenidate hydrochloride,,3.0,,,3.0
methylphenobarbital,1.0,,,,
methylprednisolone,1.0,3.0,A [HD],959,3.0
methylscopolamine bromide,0.0,,,,
methyltestosterone,1.0,2.0,A,960,2.0
methysergide,0.0,,X,961,
methysergide maleate,,0.0,,,0.0
meticillin,1.0,,,,
metoclopramide,1.0,,C,962,
metoclopramide hydrochloride,,5.0,,,5.0
metolazone,0.0,3.0,E,963,3.0
metopimazine,1.0,,,,
metoprolol,1.0,,D,964,
metoprolol succinate,,3.0,,,3.0
metoprolol tartrate,,5.0,,,5.0
metronidazole,1.0,3.0,C,965,3.0
metyrapone,0.0,0.0,,,0.0
metyrosine,0.0,0.0,,,0.0
mexiletine,1.0,,C,966,
mexiletine hydrochloride,,3.0,,,3.0
mezlocillin,,,E*,967,
mibefradil,0.0,,,,
micafungin,1.0,,D,968,
micafungin sodium,,7.0,,,7.0
miconazole,0.0,,,,
midazolam,0.0,,E,969,
midazolam hydrochloride,,0.0,,,0.0
midodrine,0.0,,,,
midodrine hydrochloride,,0.0,,,0.0
midostaurin,,4.0,E*,970,4.0
mifepristone,0.0,0.0,D,971,0.0
migalastat,,,E,972,
migalastat hydrochloride,,0.0,,,0.0
miglitol,0.0,0.0,E,973,0.0
miglustat,0.0,0.0,E,974,0.0
milk thistle,,,E,975,
milnacipran,1.0,,D,976,
milnacipran hydrochloride,,7.0,,,7.0
milrinone lactate,,3.0,,,3.0
miltefosine,,4.0,E,977,4.0
minocycline,1.0,,A,978,
minocycline hydrochloride,,8.0,,,8.0
minoxidil,0.0,0.0,E,979,0.0
mipomersen,,,D,980,
mirabegron,,3.0,E*,981,3.0
mirtazapine,1.0,3.0,C,982,3.0
mirvetuximab,,,,983,
misoprostol,,3.0,E,984,3.0
"mistletoe, american",,,E,985,
"mistletoe, european",,,E,986,
mitapivat,,,,987,
mitiglinide,1.0,,,,
mitomycin,1.0,0.0,B[HD],988,0.0
mitotane,0.0,0.0,E*,989,0.0
mitoxantrone,1.0,,D,990,
mitoxantrone hydrochloride,,3.0,,,3.0
mivacurium,0.0,,,,
mivacurium chloride,,0.0,,,0.0
mizoribine,1.0,,,,
mobocertinib,,,E,991,
mobocertinib succinate,,3.0,,,3.0
modafinil,1.0,3.0,E,992,3.0
moexipril,0.0,,E*,993,
moexipril hydrochloride,,3.0,,,3.0
mogamulizumab,,,C,994,
molindone,1.0,,D,995,
molnupiravir,,,E,996,
molsidomine,1.0,,,,
molybdenum,,,E,997,
momelotinib,,,D,998,
mometasone,0.0,,,,
monomethyl fumarate,,4.0,E*,999,4.0
montelukast,1.0,,B,1000,
montelukast sodium,,3.0,,,3.0
moricizine hydrochloride,,5.0,,,5.0
moringa,,,D,1001,
morphine,0.0,,E,1002,
morphine sulfate,,0.0,,,0.0
mosapride,1.0,,,,
mosunetuzumab,,,,1003,
motixafortide,,,,1004,
move free,,,C,1005,
moxetumomab,,,E*,1006,
moxidectin,,4.0,X,1007,4.0
moxifloxacin,1.0,,B,1008,
moxifloxacin hydrochloride,,8.0,,,8.0
moxisylyte,1.0,8.0,,,8.0
moxonidine,1.0,,,,
muromonab,,,E,1009,
muromonab-cd3,0.0,3.0,,,3.0
mycophenolate,,,D,1010,
mycophenolate mofetil,1.0,3.0,,,3.0
mycophenolic sodium,,3.0,,,3.0
nabilone,0.0,0.0,E,1011,0.0
nabumetone,0.0,3.0,E*,1012,3.0
nadolol,0.0,3.0,E,1013,3.0
nafamostat,1.0,,,,
nafarelin,,,X,1014,
nafcillin,1.0,,C,1015,
nafcillin sodium,,3.0,,,3.0
naftidrofuryl,1.0,,,,
nalbuphine,0.0,,X,1016,
nalbuphine hydrochloride,,0.0,,,0.0
naldemedine,,,E,1017,
naldemedine tosylate,,0.0,,,0.0
nalidixic acid,,3.0,,,3.0
nalmefene,0.0,,E,1018,
nalmefene hydrochloride,,3.0,,,3.0
naloxegol,,,E,1019,
naloxegol oxalate,,0.0,,,0.0
naloxone,0.0,,E,1020,
naloxone hydrochloride,,0.0,,,0.0
naltrexone,0.0,,E*,1021,
naltrexone hydrochloride,,3.0,,,3.0
naltrexone-buproprion,,,E*,1022,
nandrolone,1.0,,A,1023,
nandrolone decanoate,1.0,,,,
nandrolone phenpropionate,,7.0,,,7.0
naproxen,1.0,3.0,B,1024,3.0
naratriptan,0.0,,E,1025,
naratriptan hydrochloride,,4.0,,,4.0
natalizumab,1.0,5.0,B,1026,5.0
nateglinide,0.0,3.0,E*,1027,3.0
naxitamab,,,E,1028,
nebivolol,0.0,,E*,1029,
nebivolol hydrochloride,,3.0,,,3.0
necitumumab,,,E,1030,
nedosiran,,,E,1031,
nefazodone,1.0,,A,1032,
nefazodone hydrochloride,,8.0,,,8.0
nefopam,1.0,,,,
nelarabine,1.0,4.0,E*,1033,4.0
nelfinavir,1.0,,D,1034,
nelfinavir mesylate,,3.0,,,3.0
nemolizumab,,,,1035,
neomycin,0.0,,E,1036,
neomycin sulfate,,0.0,,,0.0
neostigmine,,,X,1037,
neratinib,,,E*,1038,
neratinib maleate,,4.0,,,4.0
nesiritide,0.0,0.0,,,0.0
netarsudil,,,X,1039,
netilmicin,1.0,,,,
netupitant,,,E,1040,
nevirapine,1.0,8.0,A,1041,8.0
niacin,1.0,7.0,A [HD],1042,7.0
niacinamide,,,E,1043,
nialamide,1.0,8.0,,,8.0
nicardipine,0.0,,E,1044,
nicardipine hydrochloride,,3.0,,,3.0
nicergoline,1.0,,,,
nickel,,,E,1045,
nicorandil,1.0,,,,
nicotine,,,E,1046,
nifedipine,1.0,3.0,B,1047,3.0
niflumic acid,1.0,,,,
nifurtimox,,0.0,E,1048,0.0
nilotinib,,,D,1049,
nilotinib hydrochloride,,4.0,,,4.0
nilutamide,,8.0,C,1050,8.0
nimesulide,1.0,8.0,A,1051,8.0
nimodipine,0.0,3.0,E,1052,3.0
nintedanib,,,C,1053,
nintedanib esylate,,8.0,,,8.0
niperotidine,1.0,8.0,,,8.0
niraparib,,,E*,1054,
niraparib tosylate,,3.0,,,3.0
nirmatrelvir,,,E,1055,
nirogacestat,,,,1056,
nirsevimab,,,,1057,
nisoldipine,0.0,3.0,E,1058,3.0
nitazoxanide,0.0,0.0,E,1059,0.0
nitisinone,,7.0,E,1060,7.0
nitrazepam,1.0,,,,
nitrefazole,1.0,8.0,,,8.0
nitrendipine,1.0,,,,
nitrofurantoin,1.0,8.0,A,1061,8.0
nitroglycerin,0.0,0.0,E,1062,0.0
nitroprusside,0.0,,E,1063,
nivolumab,,,A,1064,
nizatidine,1.0,5.0,D,1065,5.0
nocodazole,0.0,,,,
nomifensine,1.0,8.0,,,8.0
noni,,,C,1066,
nordazepam,1.0,,,,
norelgestromin,,,A,1067,
norepinephrine,0.0,,,,
norepinephrine bitartrate,,0.0,,,0.0
norethindrone,,3.0,,,3.0
norethindrone acetate,0.0,0.0,,,0.0
norethisterone,1.0,,A,1068,
norfloxacin,1.0,3.0,C,1069,3.0
norgestimate,,,A,1070,
norgestrel,1.0,,A,1071,
nortriptyline,1.0,,C,1072,
nortriptyline hydrochloride,,8.0,,,8.0
novobiocin,1.0,,,,
nusinersen sodium,,0.0,,,0.0
nux vomica,,,E,1073,
nystatin,0.0,0.0,E,1074,0.0
obeticholic acid,,8.0,B,1075,8.0
obiltoxaximab,,,E,1076,
ocrelizumab,,,D,1077,
octreotide,1.0,,C,1078,
octreotide acetate,,2.0,,,2.0
octylmethoxycinnamate,1.0,,,,
odesivimal,,,E,1079,
odevixibat,,4.0,E*,1080,4.0
ofatumumab,0.0,0.0,E*,1081,0.0
ofloxacin,1.0,3.0,A,1082,3.0
olanzapine,1.0,3.0,A,1083,3.0
olaparib,,0.0,E,1084,0.0
olaratumab,,,E,1085,
olezarsen,,,,1086,
oliceridine,,3.0,E,1087,3.0
olipudase alfa,,,,1088,
olmesartan,0.0,,D,1089,
olmesartan medoxomil,,4.0,,,4.0
olopatadine,1.0,,,,
olsalazine,1.0,,C,1090,
olsalazine sodium,,8.0,,,8.0
olutasidenib,,,D,1091,
omacetaxine,,,E,1092,
omacetaxine mepesuccinate,,4.0,,,4.0
omadacycline,,,E*,1093,
omadacycline tosylate,,3.0,,,3.0
omalizumab,0.0,0.0,E,1094,0.0
omaveloxolone,,,E*,1095,
ombitasvir,,,B,1096,
omega 3 carboxylic acids,,,E,1097,
omega 3 ethyl esters,,,E,1098,
omega 3 fatty acids,,,E,1099,
omeprazole,1.0,4.0,B,1100,4.0
onasemnogene abeparvovec,,,D,1101,
ondansetron,1.0,,D,1102,
ondansetron hydrochloride,,7.0,,,7.0
opicapone,,0.0,E,1103,0.0
opium,,,E,1104,
oprelvekin,0.0,0.0,E,1105,0.0
oregano,,,E,1106,
oritavancin,,,E,1107,
oritavancin diphosphate,,4.0,,,4.0
orlistat,1.0,8.0,C,1108,8.0
orphenadrine,0.0,,E,1109,
orphenadrine hydrochloride,,0.0,,,0.0
oseltamivir,0.0,,D,1110,
oseltamivir phosphate,,3.0,,,3.0
osilodrostat,,,E,1111,
osilodrostat phosphate,,3.0,,,3.0
osimertinib,,,E*,1112,
osimertinib mesylate,,4.0,,,4.0
ospemifene,,0.0,E,1113,0.0
oteseconazole,,,,1114,
oxacillin,1.0,,B,1115,
oxacillin sodium,,3.0,,,3.0
oxaliplatin,1.0,4.0,A,1116,4.0
oxandrolone,1.0,8.0,A,1117,8.0
oxaprozin,1.0,3.0,C,1118,3.0
oxatomide,1.0,,,,
oxazepam,0.0,5.0,E,1119,5.0
oxcarbazepine,1.0,3.0,C,1120,3.0
oxybate,,,E,1121,
oxybutynin,0.0,,E,1122,
oxybutynin chloride,,0.0,,,0.0
oxycodone,0.0,,E,1123,
oxycodone hydrochloride,,0.0,,,0.0
oxyelite pro,,,A,1124,
oxyiminoalkanoic acid derivative,1.0,,,,
oxymetholone,1.0,7.0,A,1125,7.0
oxymorphone,0.0,,E,1126,
oxymorphone hydrochloride,,0.0,,,0.0
oxyphenbutazone,1.0,,,,
oxyphenisatin,1.0,8.0,,,8.0
oxyphenonium,0.0,,,,
oxyquinoline,1.0,,,,
oxytetracycline,0.0,2.0,E*,1127,2.0
oxytocin,0.0,0.0,,,0.0
ozagrel,1.0,,,,
ozanimod,,,E*,1128,
ozanimod hydrochloride,,3.0,,,3.0
paclitaxel,1.0,4.0,D,1129,4.0
pacritinib,,,E*,1130,
pafolacianine sodium,,0.0,,,0.0
pafuraidine,,8.0,,,8.0
pafuramidine,1.0,,,,
palbociclib,,3.0,C,1131,3.0
palifermin,0.0,0.0,X,1132,0.0
paliperidone,0.0,0.0,E,1133,0.0
palivizumab,0.0,0.0,,,0.0
palonosetron,0.0,,E,1134,
palonosetron hydrochloride,,4.0,,,4.0
palopegteriparatide,,,,1135,
palovarotene,,,,1136,
pamabrom,0.0,0.0,E,1137,0.0
pamidronate,0.0,,E*,1138,
pamidronate disodium,,3.0,,,3.0
pancrelipase,0.0,0.0,,,0.0
pancuronium,0.0,,,,
pancuronium bromide,,0.0,,,0.0
panitumumab,0.0,0.0,E,1139,0.0
panobinostat,,,E,1140,
panobinostat lactate,,3.0,,,3.0
pantoprazole,1.0,,C,1141,
pantoprazole sodium,,3.0,,,3.0
pantothenic acid,,,E,1142,
papaverine,1.0,,X,1143,
papaverine hydrochloride,,5.0,,,5.0
pargyline,0.0,,,,
paricalcitol,,3.0,,,3.0
paritaprevir,,,B,1144,
paromomycin,0.0,,,,
paromomycin sulfate,,0.0,,,0.0
paroxetine,1.0,,B,1145,
paroxetine hydrochloride,,8.0,,,8.0
pasireotide,,,E*,1146,
pasireotide diaspartate,,3.0,,,3.0
passionflower,,,E,1147,
patiromer sorbitex calcium,,0.0,,,0.0
patisiran,,,E,1148,
patisiran sodium,,0.0,,,0.0
pazopanib,1.0,,C,1149,
pazopanib hydrochloride,,8.0,,,8.0
pazufloxacin,1.0,,,,
pegademase,,,E,1150,
pegademase bovine,0.0,0.0,,,0.0
pegaptanib,0.0,,E,1151,
pegaspargase,1.0,3.0,A,1152,3.0
pegcetacoplan,,0.0,E,1153,0.0
pegfilgrastim,0.0,0.0,E,1154,0.0
peginesatide,,,E*,1155,
peginterferon,1.0,,,,
peginterferon alfa,,,E*,1156,
peginterferon alfa-2a,,7.0,,,7.0
peginterferon alfa-2b,1.0,4.0,,,4.0
peginterferon-alfa-2a,1.0,,,,
pegloticase,,,E,1157,
pegunigalsidase,,,,1158,
pegvisomant,,3.0,,,3.0
pembrolizumab,,,A,1159,
pemetrexed,,,E*,1160,
pemetrexed disodium,,3.0,,,3.0
pemigatinib,,3.0,E*,1161,3.0
pemoline,1.0,8.0,X,1162,8.0
penbutolol,0.0,,E,1163,
penbutolol sulfate,,0.0,,,0.0
penicillamine,1.0,2.0,A,1164,2.0
penicillin,1.0,,,,
penicillin g,1.0,,,,
penicillin g & v,,,C,1165,
penicillin g benzathine,,3.0,,,3.0
penicillin v,0.0,,,,
penicillin v potassium,,0.0,,,0.0
pennyroyal,,,B,1166,
pentagastrin,0.0,0.0,,,0.0
pentamidine,1.0,,D,1167,
pentamidine isethionate,,3.0,,,3.0
pentazocine,0.0,,E,1168,
pentazocine lactate,,0.0,,,0.0
pentetate calcium trisodium yb-169,,0.0,,,0.0
pentetic acid,0.0,,,,
pentobarbital,,,E,1169,
pentobarbital sodium,,3.0,,,3.0
pentosan polysulfate,,,X,1170,
pentosan polysulfate sodium,,3.0,,,3.0
pentostatin,1.0,3.0,D,1171,3.0
pentoxifylline,,5.0,D,1172,5.0
peramivir,1.0,3.0,E,1173,3.0
perampanel,,0.0,E,1174,0.0
perflutren,0.0,0.0,,,0.0
pergolide,0.0,,E*,1175,
pergolide mesylate,,3.0,,,3.0
perhexiline,1.0,8.0,,,8.0
perhexiline maleate,1.0,,,,
perindopril,0.0,,E*,1176,
perindopril erbumine,,3.0,,,3.0
permethrin,0.0,,,,
perphenazine,1.0,3.0,D,1177,3.0
pertuzumab,,,E,1178,
pexidartinib,,,B,1179,
pexidartinib hydrochloride,,8.0,,,8.0
phenacetin,1.0,,,,
phenazopyridine,,,X,1180,
phencyclidine,,,C[HD],1181,
phendimetrazine,0.0,,X,1182,
phendimetrazine tartrate,,0.0,,,0.0
phenelzine,1.0,,C,1183,
phenelzine sulfate,,3.0,,,3.0
phenformin,1.0,,,,
pheniramine,,,E,1184,
phenisatin,1.0,,,,
phenobarbital,1.0,,B,1185,
phenobarbital sodium,,3.0,,,3.0
phenolphthalein,,,E,1186,
phenothiazine,1.0,,,,
phenoxybenzamine,0.0,,,,
phenoxybenzamine hydrochloride,,0.0,,,0.0
phenoxypropazine,1.0,8.0,,,8.0
phenprocoumon,1.0,,,,
phentermine,1.0,,E,1187,
phentermine resin complex,,0.0,,,0.0
phentolamine,0.0,,,,
phentolamine mesylate,,0.0,,,0.0
phenylbutazone,1.0,,,,
phenylbutyrate,,,E,1188,
phenylbutyrate,,,E,1189,
phenylephrine,1.0,,E,1190,
phenyltoloxamine,,,E,1191,
phenytoin,1.0,8.0,A,1192,8.0
phloroglucinol,1.0,,,,
physostigmine,0.0,,E,1193,
physostigmine salicylate,,0.0,,,0.0
phytonadione,0.0,0.0,E,1194,0.0
pibrentasvir,,,C,1195,
picolamine,1.0,,,,
piflufolastat f-18,,0.0,,,0.0
pilocarpine,,3.0,E,1196,3.0
pilsicainide,1.0,,,,
pimavanserin,,,E,1197,
pimavanserin tartrate,,0.0,,,0.0
pimecrolimus,1.0,,,,
pimozide,0.0,0.0,E,1198,0.0
pinacidil,0.0,,,,
pinaverium,1.0,,,,
pindolol,0.0,0.0,E,1199,0.0
pioglitazone,1.0,,C,1200,
pioglitazone hydrochloride,,3.0,,,3.0
pipamazine,1.0,8.0,,,8.0
piperacetazine,1.0,,,,
piperacillin,0.0,,B,1201,
piperacillin sodium,,3.0,,,3.0
piperacillin/tazobactam,,,B,1202,
pipobroman,1.0,,,,
piracetam,1.0,,,,
pirarubicin,1.0,,,,
pirbuterol,,,E,1203,
pirfenidone,,8.0,D,1204,8.0
piroxicam,1.0,3.0,B,1205,3.0
pirprofen,1.0,8.0,,,8.0
pirtobrutinib,,,E,1206,
pitavastatin,,,D,1207,
pitavastatin calcium,,3.0,,,3.0
pitolisant,,,E,1208,
pitolisant hydrochloride,,0.0,,,0.0
pivmecillinam,1.0,,,,
plazomcin,,,E,1209,
plazomicin sulfate,,3.0,,,3.0
plecanatide,,3.0,E,1210,3.0
plerixafor,0.0,0.0,E,1211,0.0
plicamycin,1.0,,A [HD],1212,
polatuzumab vedotin,,,E*,1213,
polidocanol,,0.0,,,0.0
polyethylene glycol 3350,0.0,0.0,,,0.0
polygonum multiflorum,,,A,1214,
polymyxin b sulfate,0.0,0.0,,,0.0
polythiazide,0.0,2.0,D,1215,2.0
pomalidomide,,8.0,D,1216,8.0
ponatinib,,,E*,1217,
ponatinib hydrochloride,,8.0,,,8.0
ponesimod,,3.0,E*,1218,3.0
porfimer,0.0,,,,
porfimer sodium,,0.0,,,0.0
posaconazole,0.0,8.0,E*,1219,8.0
pozelimab,,,,1220,
pralatrexate,,3.0,E*,1221,3.0
pralidoxime chloride,,3.0,,,3.0
pralnacasan,1.0,8.0,,,8.0
pralsetinib,,3.0,E*,1222,3.0
pramipexole,0.0,,E,1223,
pramipexole dihydrochloride,,2.0,,,2.0
pramlintide,0.0,,E,1224,
pramlintide acetate,,0.0,,,0.0
pranlukast,1.0,,,,
pranoprofen,1.0,,,,
prasugrel,,,D,1225,
prasugrel hydrochloride,1.0,0.0,,,0.0
pravastatin,1.0,,B,1226,
pravastatin sodium,,3.0,,,3.0
prazepam,1.0,,,,
praziquantel,0.0,3.0,D,1227,3.0
prazosin,0.0,,E*,1228,
prazosin hydrochloride,,3.0,,,3.0
prednisolone,1.0,3.0,E,1229,3.0
prednisone,1.0,3.0,E,1230,3.0
pregabalin,1.0,0.0,C,1231,0.0
pretomanid,,4.0,D,1232,4.0
prilocaine,,,E,1233,
primaquine,0.0,,E,1234,
primaquine phosphate,,0.0,,,0.0
primidone,0.0,0.0,E*,1235,0.0
probenecid,0.0,6.0,D,1236,6.0
probucol,0.0,,,,
procainamide,1.0,,C,1237,
procainamide hydrochloride,,4.0,,,4.0
procarbazine,1.0,,D,1238,
procarbazine hydrochloride,,3.0,,,3.0
prochlorperazine,1.0,,B,1239,
prochlorperazine maleate,,2.0,,,2.0
procyclidine,0.0,,,,
procyclidine hydrochloride,,0.0,,,0.0
progesterone,1.0,2.0,A,1240,2.0
progestins,,,A,1241,
proguanil,0.0,,E*,1242,
promethazine,1.0,,E,1243,
promethazine hydrochloride,,5.0,,,5.0
propacetamol,1.0,,,,
propafenone,1.0,,B,1244,
propafenone hydrochloride,,3.0,,,3.0
propantheline,0.0,,E*,1245,
propantheline bromide,,0.0,,,0.0
propiverine,1.0,,,,
propofol,1.0,3.0,A [HD],1246,3.0
propolis,,,E,1247,
propoxyphene,1.0,,,,
propoxyphene hydrochloride,,3.0,,,3.0
propranolol,0.0,,E,1248,
propranolol hydrochloride,,3.0,,,3.0
propylthiouracil,1.0,8.0,A,1249,8.0
protamine sulfate,0.0,0.0,,,0.0
protirelin,0.0,0.0,,,0.0
protriptyline,0.0,,E*,1250,
protriptyline hydrochloride,,0.0,,,0.0
prucalopride,,,E,1251,
prucalopride succinate,,0.0,,,0.0
pseudoephedrine,0.0,,E,1252,
pseudoephedrine hydrochloride,,0.0,,,0.0
psoralen,,,C,1253,
psyllium,,,E,1254,
pyrantel,0.0,,E,1255,
pyrantel pamoate,,0.0,,,0.0
pyrazinamide,1.0,3.0,A,1256,3.0
pyridostigmine,0.0,,E,1257,
pyridostigmine bromide,,0.0,,,0.0
pyridoxal phosphate,0.0,,,,
pyridoxine,0.0,,E,1258,
pyridoxine hydrochloride,,0.0,,,0.0
pyrimethamine,1.0,3.0,C,1259,3.0
quazepam,0.0,0.0,E,1260,0.0
quercetin,,,E,1261,
quetiapine,1.0,,B,1262,
quetiapine fumarate,,3.0,,,3.0
quinapril,1.0,,E*,1263,
quinapril hydrochloride,,3.0,,,3.0
quinidine,1.0,,A,1264,
quinidine gluconate,,3.0,,,3.0
quinine,1.0,,B,1265,
quinine sulfate,,3.0,,,3.0
quinupristin,,,E*,1266,
quizartinib,,,E,1267,
rabeprazole,1.0,,D,1268,
rabeprazole sodium,,3.0,,,3.0
radium ra-223 dichloride,,0.0,,,0.0
ragaglitazar,0.0,,,,
raloxifene,0.0,,C,1269,
raloxifene hydrochloride,,0.0,,,0.0
raltegravir,1.0,,E*,1270,
raltegravir potassium,,7.0,,,7.0
raltitrexed,1.0,,,,
ramelteon,0.0,0.0,E*,1271,0.0
ramipril,1.0,7.0,C,1272,7.0
ramucirumab,,,E*,1273,
ranibizumab,,,E,1274,
ranitidine,1.0,,B,1275,
ranitidine hydrochloride,,5.0,,,5.0
ranolazine,0.0,0.0,D,1276,0.0
rasagiline,0.0,,E,1277,
rasagiline mesylate,,3.0,,,3.0
rasburicase,0.0,0.0,D,1278,0.0
ravulizumab,,,E*,1279,
raxibacumab,,,E,1280,
rebamipide,1.0,,,,
red yeast rice,,,C,1281,
regadenoson,0.0,0.0,,,0.0
regn-3eb,,,E,1282,
regorafenib,,8.0,B,1283,8.0
relugolix,,3.0,E,1284,3.0
remdesivir,,3.0,D,1285,3.0
remifentanil,1.0,,E,1286,
remifentanil hydrochloride,,3.0,,,3.0
remimazolam,,,E,1287,
remimazolam besylate,,0.0,,,0.0
repaglinide,1.0,5.0,D,1288,5.0
repotrectinib,,,E*,1289,
reserpine,0.0,0.0,E,1290,0.0
reslizumab,,,E,1291,
resmetirom,,,D,1292,
resveratrol,,,E,1293,
reteplase,0.0,0.0,,,0.0
retifanlimab,,,,1294,
revefenacin,,,E,1295,
revumenib citrate,,,E*,1296,
rezafungin,,,,1297,
ribavirin,0.0,7.0,E*,1298,7.0
ribocicib,,,C,1299,
ribociclib succinate,,4.0,,,4.0
riboflavin,0.0,,E,1300,
riboflavin 5'-phosphate,,0.0,,,0.0
rifabutin,1.0,5.0,D,1301,5.0
rifampin,1.0,8.0,A,1302,8.0
rifamycin,,,E,1303,
rifamycin sodium,,0.0,,,0.0
rifapentine,0.0,4.0,E*,1304,4.0
rifaximin,0.0,7.0,E,1305,7.0
rilmenidine,1.0,,,,
rilonacept,0.0,0.0,E,1306,0.0
rilpivirine,1.0,,D,1307,
rilpivirine hydrochloride,,3.0,,,3.0
riluzole,1.0,8.0,C,1308,8.0
rimantadine,0.0,,E,1309,
rimantadine hydrochloride,,0.0,,,0.0
rimegepant,,,E,1310,
rimegepant sulfate,,0.0,,,0.0
riociguat,,0.0,E,1311,0.0
ripretinib,,4.0,E,1312,4.0
risankizumab,,,E,1313,
risdiplam,,0.0,E,1314,0.0
risedronate,0.0,,D,1315,
risedronate sodium,,3.0,,,3.0
risperidone,1.0,3.0,B,1316,3.0
ritlecitinib,,,E*,1317,
ritodrine,1.0,,,,
ritonavir,1.0,8.0,C,1318,8.0
rituximab,,,A,1319,
rivaroxaban,1.0,5.0,A,1320,5.0
rivastigmine,1.0,,D,1321,
rivastigmine tartrate,,3.0,,,3.0
rizatriptan,0.0,,E*,1322,
rizatriptan benzoate,,0.0,,,0.0
rocuronium,0.0,,,,
rocuronium bromide,,0.0,,,0.0
rofecoxib,1.0,,C,1323,
roflumilast,,0.0,E,1324,0.0
rolapitant,,,E,1325,
rolapitant hydrochloride,,0.0,,,0.0
romidepsin,0.0,0.0,C,1326,0.0
romiplostim,0.0,0.0,E,1327,0.0
romosozumab,,,E,1328,
ropinirole,1.0,,D,1329,
ropinirole hydrochloride,,4.0,,,4.0
ropivacaine,,,E,1330,
rosiglitazone,1.0,,C,1331,
rosiglitazone maleate,,3.0,,,3.0
rosuvastatin,1.0,,A,1332,
rosuvastatin calcium,,3.0,,,3.0
rotigotine,,,E,1333,
roxatidine,1.0,,,,
roxithromycin,1.0,,,,
royal jelly,,,E,1334,
rozanilixizumab,,,,1335,
rubidium chloride rb-82,0.0,0.0,,,0.0
rucaparib,,,E*,1336,
rucaparib camsylate,,3.0,,,3.0
rufinamide,,3.0,E*,1337,3.0
ruxolitinib,,,C,1338,
ruxolitinib phosphate,,3.0,,,3.0
s-adenosylmethionine,,,E,1341,
sacituzumab govitecan,,,E*,1339,
sacrosidase,,3.0,,,3.0
sacubitril-valsartan,,,D,1340,
safinamide,,,E,1342,
safinamide mesylate,,0.0,,,0.0
salbutamol,0.0,,E,1343,
salicylic acid,1.0,,,,
salmeterol,0.0,,E,1344,
salsalate,1.0,3.0,A [HD],1345,3.0
sapropterin dihydrochloride,,0.0,,,0.0
saquinavir,1.0,,D,1346,
saquinavir mesylate,,3.0,,,3.0
sarecycline,,,E*,1347,
sarecycline hydrochloride,,0.0,,,0.0
sargramostim,0.0,0.0,E,1348,0.0
sarilumab,,,E*,1349,
sarpogrelate,1.0,,,,
satralizumab,,,E*,1350,
saw palmetto,,,D,1351,
saxagliptin,0.0,,E*,1352,
saxagliptin hydrochloride,,0.0,,,0.0
scopolamine,0.0,0.0,E,1353,0.0
sebelipase alfa,,,E,1354,
secnidazole,,7.0,E,1355,7.0
secobarbital,0.0,,E,1356,
secobarbital sodium,,3.0,,,3.0
secretin,0.0,,,,
secretin synthetic human,,0.0,,,0.0
secukinumab,,,E*,1357,
seladelpar,,,E*,1358,
selegiline,0.0,,E*,1359,
selegiline hydrochloride,,0.0,,,0.0
selenious acid,,3.0,,,3.0
selenium,,,E,1360,
selexipag,,0.0,E,1361,0.0
selinexor,,4.0,E*,1362,4.0
selpercatinib,,3.0,E*,1363,3.0
selumetinib,,,E*,1364,
selumetinib sulfate,,3.0,,,3.0
semaglutide,,0.0,D,1365,0.0
senna,,,D,1366,
sennoside,1.0,,,,
sertraline,1.0,,B,1367,
sertraline hydrochloride,,3.0,,,3.0
setmelanotide,,,E,1368,
setmelanotide acetate,,0.0,,,0.0
sevelamer,0.0,,E,1369,
sevelamer hydrochloride,,0.0,,,0.0
sevoflurane,,,B,1370,
sho saiko to,,,B,1371,
shou wu pian,,,A,1372,
sibutramine,1.0,,D,1373,
sibutramine hydrochloride,,4.0,,,4.0
sildenafil,1.0,,C,1374,
sildenafil citrate,,3.0,,,3.0
silicon,,,E,1375,
silodosin,0.0,3.0,E*,1376,3.0
siltuximab,,,E,1377,
simeprevir,,,B,1378,
simethicone,0.0,,E,1379,
simethicone-cellulose,,0.0,,,0.0
simvastatin,1.0,3.0,A,1380,3.0
sincalide,0.0,0.0,,,0.0
siponimod,,3.0,E*,1381,3.0
sirolimus,1.0,8.0,C,1382,8.0
sitagliptin,1.0,,D,1383,
sitagliptin phosphate,,4.0,,,4.0
sitaxsentan,1.0,8.0,,,8.0
skullcap,,,B,1384,
slimquick,,,C,1385,
slippery elm,,,E,1386,
sodium benzoate,,,E,1387,
sodium bicarbonate,0.0,0.0,,,0.0
sodium fluoride f-18,,0.0,,,0.0
sodium lactate,0.0,0.0,,,0.0
sodium nitroprusside,,0.0,,,0.0
sodium oxybate,,0.0,,,0.0
sodium phenylbutyrate,,4.0,,,4.0
sodium polystyrene sulfonate,0.0,0.0,,,0.0
sodium thiosulfate,0.0,0.0,,,0.0
sodium zirconium cyclosilicate,,0.0,,,0.0
sofalcone,1.0,,,,
sofosbuvir,,0.0,A,1388,0.0
solifenacin,0.0,,D,1389,
solifenacin succinate,,3.0,,,3.0
solriamfetol,,,E,1390,
solriamfetol hydrochloride,,0.0,,,0.0
somapacitan,,,E,1391,
somatrogon,,,,1392,
somatropin,,0.0,,,0.0
somatropin recombinant,0.0,,,,
sonidegib,,,E*,1393,
sonidegib phosphate,,3.0,,,3.0
sorafenib,1.0,,B,1394,
sorafenib tosylate,,8.0,,,8.0
sorbitol,0.0,0.0,,,0.0
sotaglifloxin,,,,1395,
sotalol,0.0,,E,1396,
sotalol hydrochloride,,3.0,,,3.0
sotatercept,,,,1397,
sotorasib,,3.0,D,1398,3.0
sotrovimab,,,E,1399,
sparfloxacin,1.0,,,,
sparsentan,,,,1400,
spectinomycin hydrochloride,,3.0,,,3.0
spesolimab,,,,1401,
spironolactone,1.0,2.0,D,1402,2.0
spirulina,,,D,1403,
st john's wort,,,D,1404,
stanozolol,1.0,,A,1405,
stavudine,1.0,8.0,A,1406,8.0
sterile water,0.0,0.0,,,0.0
stinging nettle,,,E,1407,
stiripentol,,0.0,E,1408,0.0
streptokinase,1.0,,,,
streptomycin,0.0,,E*,1409,
streptomycin sulfate,,0.0,,,0.0
streptozocin,,3.0,D,1410,3.0
succimer,1.0,2.0,E,1411,2.0
succinylcholine,0.0,,,,
succinylcholine chloride,,0.0,,,0.0
sucralfate,0.0,0.0,E,1412,0.0
sufentanil,0.0,,E,1413,
sufentanil citrate,,0.0,,,0.0
sugammadex sodium,,0.0,,,0.0
sulbactam,,,E,1414,
sulconazole nitrate,0.0,,,,
sulcotidil,1.0,,,,
sulfabenzamide,0.0,,,,
sulfacarbamide,1.0,8.0,,,8.0
sulfadiazine,1.0,3.0,A,1415,3.0
sulfadoxine,,,C,1416,
sulfamerazine,,,A,1417,
sulfamethazine,,,A,1418,
sulfamethizole,1.0,0.0,A,1419,0.0
sulfamethoxazole,1.0,,A,1420,
sulfanilamide,1.0,,,,
sulfasalazine,1.0,5.0,A,1421,5.0
sulfathiazole,1.0,8.0,,,8.0
sulfinpyrazone,,,A,1422,
sulfisoxazole,,,A,1423,
sulfonamides*,1.0,,,,
sulindac,1.0,8.0,A,1424,8.0
suloctidil,1.0,8.0,,,8.0
sulopenem etzadroxil,,,,1425,
sulpiride,1.0,,,,
sumatriptan,0.0,,E,1426,
sumatriptan succinate,,3.0,,,3.0
sunitinib,1.0,,B,1427,
sunitinib malate,,8.0,,,8.0
suplatast,1.0,,,,
sutimlimab,,,,1428,
suvorexant,,0.0,E,1429,0.0
suzetrigine,,,E,1430,
tacrine,1.0,,A,1431,
tacrolimus,1.0,5.0,C,1432,5.0
tadalafil,0.0,3.0,D,1433,3.0
tafamidis,,,E,1434,
tafamidis meglumine,,0.0,,,0.0
tafasitamab,,,E,1435,
tafenoquine,,,E,1436,
tafenoquine succinate,,5.0,,,5.0
tagraxofusp,,,E*,1437,
talazoparib,,,E*,1438,
talazoparib tosylate,,3.0,,,3.0
taliglucerase,,,E,1439,
talquetamab,,,,1440,
tamoxifen,1.0,,B,1441,
tamoxifen citrate,,8.0,,,8.0
tamsulosin,1.0,,D,1442,
tamsulosin hydrochloride,,0.0,,,0.0
tandospirone,1.0,,,,
tapentadol,0.0,,X,1443,
tapentadol hydrochloride,,0.0,,,0.0
tara flour,,,B,1444,
tarlatamab,,,,1445,
tasimelteon,,3.0,E,1446,3.0
tasosartan,1.0,8.0,,,8.0
tauroursodeoxycholic acid,1.0,,,,
tazemetostat,,,E*,1447,
tazemetostat hydrobromide,,3.0,,,3.0
tazobactam,0.0,,E,1448,
tebentafusp,,,E*,1449,
technetium tc-99m exametazime kit,,0.0,,,0.0
teclisumab,,,D,1450,
tecovirimat,,0.0,E,1451,0.0
tedizolid,,,E*,1452,
tedizolid phosphate,,3.0,,,3.0
tegaserod,0.0,,E,1453,
tegaserod maleate,,3.0,,,3.0
telaprevir,1.0,,B,1454,
telavancin,,,E,1455,
telbivudine,0.0,2.0,E,1456,2.0
telithromycin,1.0,8.0,A,1457,8.0
telmisartan,1.0,3.0,E*,1458,3.0
telotristat,,,E,1459,
telotristat etiprate,,3.0,,,3.0
temafloxacin,1.0,,,,
temazepam,0.0,3.0,E,1460,3.0
temocapril,1.0,,,,
temozolomide,1.0,4.0,B,1461,4.0
temsirolimus,0.0,0.0,E*,1462,0.0
tenapanor,,,E,1463,
tenapanor hydrochloride,,0.0,,,0.0
tenecteplase,0.0,0.0,,,0.0
teniposide,1.0,3.0,E*,1464,3.0
tenofovir,1.0,,C,1465,
tenofovir disoproxil fumarate,,3.0,,,3.0
tenoxicam,1.0,,,,
teplizumab,,,E,1466,
tepotiib,,,E*,1467,
tepotinib hydrochloride,,7.0,,,7.0
teprenone,1.0,,,,
teprotumumab,,,X,1468,
terazosin,0.0,,E,1469,
terazosin hydrochloride,,0.0,,,0.0
terbinafine,1.0,,B,1470,
terbinafine hydrochloride,,8.0,,,8.0
terbutaline,1.0,,C[HD],1471,
terbutaline sulfate,,3.0,,,3.0
terfenadine,0.0,,,,
teriflunomide,,8.0,D,1472,8.0
teriparatide,0.0,,E,1473,
teriparatide acetate,,0.0,,,0.0
terlipressin,,,,1474,
terodiline,,,E,1475,
tesamorelin,,,E,1476,
testolactone,,,X,1477,
testosterone,1.0,,E,1478,
testosterone enanthate,,8.0,,,8.0
tetrabamate,1.0,8.0,,,8.0
tetrabenazine,,3.0,E,1479,3.0
tetracaine,0.0,,,,
tetracycline,1.0,,A [HD],1480,
tetracycline phosphate complex,,2.0,,,2.0
tetrahydrobiopterin,0.0,,,,
tetrazepam,1.0,,,,
tezacaftor,,,E*,1481,
tezepelumab,,,E,1482,
thalidomide,1.0,4.0,B,1483,4.0
theobromine,1.0,,,,
theophylline,0.0,,E,1484,
theophylline sodium glycinate,,0.0,,,0.0
thiabendazole,1.0,7.0,B,1485,7.0
thiamine,0.0,,E,1486,
thiamine hydrochloride,,0.0,,,0.0
thiocolchicoside,1.0,,,,
thioguanine,1.0,2.0,A,1487,2.0
thiopental,0.0,,E,1488,
thioridazine,1.0,,B,1489,
thioridazine hydrochloride,,5.0,,,5.0
thiotepa,1.0,3.0,D,1490,3.0
thiothixene,,2.0,X,1491,2.0
thyroid hormone,,,C,1492,
thyrotropin alfa,0.0,0.0,,,0.0
thyroxine,,,C,1493,
tiagabine,0.0,,E,1494,
tiagabine hydrochloride,,3.0,,,3.0
tianeptine,1.0,,,,
tiapride,1.0,,,,
tiaprofenic acid,1.0,,,,
tibolone,1.0,,C,1495,
ticagrelor,,0.0,D,1496,0.0
ticarcillin,0.0,,D,1497,
ticarcillin/clavulanate,,,D,1498,
ticlopidine,1.0,,A,1499,
ticlopidine hydrochloride,,4.0,,,4.0
ticrynafen,1.0,8.0,,,8.0
tigecycline,0.0,8.0,B,1500,8.0
tilbroquinol,1.0,8.0,,,8.0
tildrakizumab,,,E*,1501,
tiludronate,0.0,,X,1502,
tiludronate disodium,,0.0,,,0.0
timolol,0.0,,E,1503,
timolol maleate,,5.0,,,5.0
tin,,,E,1504,
tinidazole,1.0,3.0,E*,1505,3.0
tinospora,,,A,1506,
tinzaparin,,,E,1507,
tinzaparin sodium,,3.0,,,3.0
tiopronin,,3.0,,,3.0
tiotropium,0.0,,E,1508,
tipranavir,1.0,8.0,E*,1509,8.0
tiquizium,1.0,,,,
tiratricol,1.0,,,,
tirofiban,0.0,,X,1510,
tirofiban hydrochloride,,0.0,,,0.0
tirzepatide,,,C,1511,
tislelizumab,,,,1512,
tisotumab vedotin,,,E,1513,
tivozanib,,,E*,1514,
tivozanib hydrochloride,,4.0,,,4.0
tizanidine,1.0,,C,1515,
tizanidine hydrochloride,,8.0,,,8.0
tobramycin,1.0,,D,1516,
tocainide,1.0,,,,
tocilizumab,,,C,1517,
tofacitinib,,,E*,1518,
tofacitinib citrate,,3.0,,,3.0
tofersen,,,E,1519,
tolazamide,1.0,2.0,B,1520,2.0
tolbutamide,0.0,2.0,E*,1521,2.0
tolcapone,1.0,8.0,C,1522,8.0
tolmetin,1.0,,D,1523,
tolmetin sodium,,3.0,,,3.0
tolrestat,1.0,8.0,,,8.0
tolterodine,0.0,,D,1524,
tolterodine tartrate,,0.0,,,0.0
tolvaptan,1.0,8.0,C,1525,8.0
tongkat ali,,,D,1526,
topiramate,1.0,3.0,C,1527,3.0
topotecan,0.0,,E*,1528,
topotecan hydrochloride,,0.0,,,0.0
toremifene,,,D,1529,
toremifene citrate,,3.0,,,3.0
torsemide,,2.0,E,1530,2.0
tositumomab,,,E*,1531,
tovorafenib,,,E*,1532,
trabectedin,1.0,7.0,C[HD],1533,7.0
tralokinumab,,,E,1534,
tramadol,0.0,,E*,1535,
tramadol hydrochloride,,7.0,,,7.0
trametinib,,,E*,1536,
trametinib dimethyl sulfoxide,,3.0,,,3.0
trandolapril,1.0,4.0,E*,1537,4.0
tranexamic acid,0.0,0.0,X,1538,0.0
tranilast,1.0,,,,
tranylcypromine,1.0,,D,1539,
tranylcypromine sulfate,,3.0,,,3.0
trapidil,1.0,,,,
trastuzumab,1.0,0.0,C,1540,0.0
trastuzumab deruxtecan,,,E*,1541,
trastuzumab emtansine,,,B,1542,
trazodone,1.0,,B,1543,
trazodone hydrochloride,,5.0,,,5.0
tremelimumab,,,C,1544,
treprostinil,,,E,1545,
tretinoin,,3.0,E,1546,3.0
triacetyldiphenolisatin,1.0,8.0,,,8.0
triamcinolone,,,E,1547,
triamterene,1.0,5.0,D,1548,5.0
triazolam,0.0,4.0,E*,1549,4.0
tribulus terrestris,,,D,1550,
trichlormethiazide,1.0,,,,
triclabendazole,,5.0,E,1551,5.0
trientine,,,E,1552,
trientine hydrochloride,0.0,1.0,,,1.0
trifluoperazine,0.0,,D,1553,
trifluoperazine hydrochloride,,2.0,,,2.0
trifluridine/tipiracil,,,E,1554,
triheptanoin,,0.0,E,1555,0.0
trihexyphenidyl,0.0,,E*,1556,
trihexyphenidyl hydrochloride,,0.0,,,0.0
triiodothyronine,,,E*,1557,
trilaciclib,,,E,1558,
trilaciclib dihydrochloride,,3.0,,,3.0
trimebutine,1.0,,,,
trimetazidine,1.0,,,,
trimethadione,,5.0,,,5.0
trimethobenzamide,0.0,,D,1559,
trimethobenzamide hydrochloride,,5.0,,,5.0
trimethoprim,1.0,4.0,C,1560,4.0
trimetrexate,,,E*,1561,
trimetrexate glucuronate,,3.0,,,3.0
trimipramine,,,D,1562,
trimipramine maleate,,2.0,,,2.0
tripelennamine,1.0,,,,
triprolidine,0.0,,E,1563,
triprolidine hydrochloride,,0.0,,,0.0
triptorelin,1.0,,E,1564,
triptorelin pamoate,1.0,3.0,,,3.0
trisalicylate,,,A [HD],1565,
trofinetide,,,,1566,
troglitazone,1.0,8.0,A,1567,8.0
troleandomycin,1.0,,,,
tromethamine,,6.0,,,6.0
tropatepine,1.0,,,,
trospium,0.0,,E,1568,
trospium chloride,,0.0,,1569,0.0
trovafloxacin,1.0,,,,
trovafloxacin mesylate,,8.0,,,8.0
troxipide,1.0,,,,
tucatinib,,4.0,E*,1570,4.0
turmeric,,,B,1571,
tyramine,0.0,0.0,,,0.0
ublituximab,,,D,1572,
ubrogepant,,0.0,E,1573,0.0
ulipristal,,,E,1574,
ulipristal acetate,,0.0,,,0.0
umbralisib,,,E*,1575,
umbralisib tosylate,,3.0,,,3.0
umeclidinium bromide,,0.0,,,0.0
upadacitinib,,3.0,D,1576,3.0
uracil mustard,1.0,,,,
urapidil,1.0,,,,
uridine triacetate,,0.0,,,0.0
urofollitropin,0.0,0.0,,,0.0
urokinase,0.0,0.0,,,0.0
ursodiol,,0.0,D,1577,0.0
usnic acid,,,B,1578,
ustekinumab,0.0,0.0,E*,1579,0.0
uva-ursi,,,E,1580,
vaborbactam,,,X,1581,
vadadustat,,,,1582,
valaciclovir,1.0,3.0,,,3.0
valacyclovir,,,D,1583,
valbenazine,,,E,1584,
valbenazine tosylate,,4.0,,,4.0
valdecoxib,1.0,3.0,,,3.0
valerian,,,C,1585,
valganciclovir,,,E,1586,
valganciclovir hydrochloride,,3.0,,,3.0
valproate,,,A,1587,
valproic acid,1.0,8.0,,,8.0
valpromide,1.0,,,,
valrubicin,,,E,1588,
valsartan,1.0,3.0,D,1589,3.0
vanadium,,,E,1590,
vancomycin,1.0,,B,1591,
vancomycin hydrochloride,,0.0,,,0.0
vandetanib,,3.0,E*,1592,3.0
vardenafil,0.0,,E*,1593,
vardenafil hydrochloride,,3.0,,,3.0
varenicline,1.0,,C,1594,
varenicline tartrate,,2.0,,,2.0
vecuronium,0.0,,,,
vecuronium bromide,,0.0,,,0.0
vedolizumab,,,D,1595,
velaglucerase,,,E,1596,
velpatasvir,,,A,1597,
vemurafenib,1.0,3.0,E*,1598,3.0
venetoclax,,3.0,E,1599,3.0
venlafaxine,1.0,,B,1600,
venlafaxine hydrochloride,,7.0,,,7.0
verapamil,1.0,,B,1601,
verapamil hydrochloride,,3.0,,,3.0
vericiguat,,0.0,E,1602,0.0
verteporfin,,3.0,,,3.0
vestronidase alfa,,,X,1603,
vibegron,,0.0,E,1604,0.0
vidarabine,0.0,,,,
vigabatrin,,2.0,D,1605,2.0
vilazodone,,,E*,1606,
vilazodone hydrochloride,,0.0,,,0.0
viloxazine hydrochloride,,0.0,,,0.0
viltolarsen,,0.0,E,1607,0.0
vimseltinib,,,E*,1608,
vinblastine,0.0,,E*,1609,
vinblastine sulfate,,0.0,,,0.0
vincristine,1.0,,C,1610,
vincristine sulfate,,8.0,,,8.0
vindesine,1.0,,,,
vinorelbine,0.0,,E*,1611,
vinorelbine tartrate,,3.0,,,3.0
vismodegib,1.0,3.0,B,1612,3.0
vitamin a,1.0,,A [HD],1613,
vitamin a palmitate,,3.0,,,3.0
vitamin b,,,E,1614,
vitamin c,0.0,0.0,E,1615,0.0
vitamin d,,,E,1616,
vitamin e,0.0,0.0,E,1617,0.0
vitamin k,,,E,1618,
voclosporin,,0.0,,,0.0
voglibose,1.0,,,,
vonoprazan,,,,1619,
vorapaxar,,,E,1620,
vorapaxar sulfate,,0.0,,,0.0
vorasidenib,,,E*,1621,
voriconazole,1.0,8.0,B,1622,8.0
vorinostat,0.0,0.0,E,1623,0.0
vortioxetine,,,E*,1624,
vortioxetine hydrobromide,,0.0,,,0.0
vosoritide,,0.0,E,1625,0.0
voxelotor,,0.0,E*,1626,0.0
voxilaprevir,,,A,1627,
vutrisiran,,,E,1628,
warfarin,1.0,,C,1629,
warfarin sodium,,5.0,,,5.0
xenazoic acid,1.0,8.0,,,8.0
ximelagatran,1.0,8.0,,,8.0
xylometazoline,1.0,,,,
yerba mate,,,D,1630,
yohimbe,,,E,1631,
zafirlukast,1.0,8.0,C,1632,8.0
zalcitabine,0.0,,E*,1633,
zaleplon,0.0,0.0,E,1634,0.0
zaltoprofen,1.0,,,,
zanamivir,0.0,,E,1635,
zanidatamab,,,,1636,
zanubrutinib,,4.0,E*,1637,4.0
zavegepant,,,E,1638,
zenocutuzumab,,,,1639,
zidovudine,1.0,8.0,B,1640,8.0
zileuton,1.0,5.0,D,1641,5.0
zilucoplan,,,,1642,
zimelidine,1.0,8.0,,,8.0
zinc,,,E,1643,
ziprasidone,1.0,,D,1644,
ziprasidone hydrochloride,,3.0,,,3.0
zolbetuximab,,,,1645,
zoledronate,1.0,,,,
zoledronic acid,,0.0,C,1646,0.0
zolmitriptan,0.0,3.0,D,1647,3.0
zolpidem,0.0,,E,1648,
zolpidem tartrate,,7.0,,,7.0
zomepirac,0.0,,,,
zonisamide,1.0,2.0,D,1649,2.0
zopiclone,1.0,,,,
,,,,,
,,,,,
,,,,,
,,,1584,1649,
,,,,,
